index,title
0,Four Rooms
1,Judgment Night
2,Star Wars
3,Finding Nemo
4,Forrest Gump
5,American Beauty
6,Citizen Kane
7,Dancer in the Dark
8,The Fifth Element
9,Metropolis
10,My Life Without Me
11,Pirates of the Caribbean: The Curse of the Black Pearl
12,Kill Bill: Vol. 1
13,Jarhead
14,Walk on Water
15,9 Songs
16,Apocalypse Now
17,Unforgiven
18,The Simpsons Movie
19,Eternal Sunshine of the Spotless Mind
20,Amores Perros
21,Pirates of the Caribbean: Dead Man's Chest
22,A History of Violence
23,2001: A Space Odyssey
24,Twelve Monkeys
25,8 Mile
26,Absolute Power
27,Paradise Now
28,Brazil
29,Walk the Line
30,Million Dollar Baby
31,Billy Elliot
32,American History X
33,War of the Worlds
34,Mars Attacks!
35,Before Sunrise
36,Memento
37,Blade Runner
38,Hero
39,Before Sunset
40,Nausicaä of the Valley of the Wind
41,Miami Vice
42,Open Water
43,Raiders of the Lost Ark
44,Indiana Jones and the Temple of Doom
45,Dirty Dancing
46,Indiana Jones and the Last Crusade
47,Beverly Hills Cop
48,Anatomy of a Murder
49,Armageddon
50,Beverly Hills Cop II
51,Tron
52,Gladiator
53,All About My Mother
54,"Lock, Stock and Two Smoking Barrels"
55,Léon: The Professional
56,Taxi Driver
57,Run Lola Run
58,Back to the Future
59,Predator
60,Snatch
61,Scarface
62,Italian for Beginners
63,Pretty Woman
64,The Big Lebowski
65,Match Point
66,The Untouchables
67,Charlie and the Chocolate Factory
68,The Lord of the Rings: The Fellowship of the Ring
69,The Lord of the Rings: The Two Towers
70,The Lord of the Rings: The Return of the King
71,The Lord of the Rings
72,Princess Mononoke
73,Spirited Away
74,"O Brother, Where Art Thou?"
75,Groundhog Day
76,Dracula
77,Bad Education
78,Donnie Darko
79,Brokeback Mountain
80,All Quiet on the Western Front
81,Wings of Desire
82,Breaking the Waves
83,"Crouching Tiger, Hidden Dragon"
84,Akira
85,48 Hrs.
86,Star Trek: The Motion Picture
87,Lost in Translation
88,Star Trek II: The Wrath of Khan
89,The Dark Knight
90,Star Trek III: The Search for Spock
91,Ocean's Eleven
92,Edward Scissorhands
93,Ocean's Twelve
94,Breakfast at Tiffany's
95,Back to the Future Part II
96,K-PAX
97,Star Trek IV: The Voyage Home
98,Predator 2
99,28 Days Later
100,Star Trek V: The Final Frontier
101,"20,000 Leagues Under the Sea"
102,Star Trek VI: The Undiscovered Country
103,Saw
104,The Fisher King
105,Blown Away
106,The Interpreter
107,Minority Report
108,The Good German
109,The Wizard
110,Jackie Brown
111,A Clockwork Orange
112,Lucky Number Slevin
113,Sin City
114,Sin City: A Dame to Kill For
115,The Name of the Rose
116,Star Trek: Generations
117,Amélie
118,Back to the Future Part III
119,Braveheart
120,To Be or Not to Be
121,Star Trek: First Contact
122,Star Trek: Insurrection
123,Star Trek: Nemesis
124,Mean Streets
125,Hotel Rwanda
126,Dead Poets Society
127,North by Northwest
128,Saw III
129,Saw II
130,Indiana Jones and the Kingdom of the Crystal Skull
131,The Terminator
132,Volver
133,Rebel Without a Cause
134,Rebecca
135,Boys Don't Cry
136,The Outsiders
137,Bride of Frankenstein
138,Syriana
139,Rumble Fish
140,The Cabinet of Dr. Caligari
141,Stand by Me
142,Muriel's Wedding
143,Young Adam
144,The Godfather
145,Some Like It Hot
146,The Godfather Part II
147,Natural Born Killers
148,The Godfather Part III
149,High Fidelity
150,King Kong
151,About a Boy
152,Zatoichi
153,Pocketful of Miracles
154,The War of the Roses
155,Ghost
156,Willy Wonka & the Chocolate Factory
157,Live and Let Die
158,King Kong
159,Stolen Kisses
160,Oliver Twist
161,Cat on a Hot Tin Roof
162,The King of Comedy
163,Contempt
164,Batman
165,Batman Begins
166,The Silence of the Lambs
167,Fargo
168,Underworld
169,The Shawshank Redemption
170,Amadeus
171,Terminator 2: Judgment Day
172,Strange Days
173,The Apartment
174,Pirates of the Caribbean: At World's End
175,Bull Durham
176,High Noon
177,Casablanca
178,Barton Fink
179,Riding Giants
180,Dave Chappelle's Block Party
181,A River Runs Through It
182,Desert Hearts
183,Terminator 3: Rise of the Machines
184,Meet Joe Black
185,Ocean's Thirteen
186,The Science of Sleep
187,Rio Bravo
188,Swimming Pool
189,Notorious
190,Beverly Hills Cop III
191,"Rome, Open City"
192,Broken Flowers
193,Bruce Almighty
194,Once Upon a Time in America
195,Snow Cake
196,Catwoman
197,"Faster, Pussycat! Kill! Kill!"
198,The Million Dollar Hotel
199,True Romance
200,Insomnia
201,Mambo Italiano
202,Mystic River
203,Snakes on a Plane
204,Brother
205,Jurassic Park
206,The Lost World: Jurassic Park
207,Jurassic Park III
208,Inspector Gadget
209,Magnolia
210,Once Upon a Time in the West
211,"Good Bye, Lenin!"
212,Night on Earth
213,Everything Is Illuminated
214,Summer Storm
215,Eyes Wide Shut
216,Seven Samurai
217,Alien
218,The Devil Wears Prada
219,Batman Returns
220,A Nightmare on Elm Street
221,Raising Arizona
222,Miller's Crossing
223,Rain Man
224,To Catch a Thief
225,Das Boot
226,Inside Man
227,12 Angry Men
228,A Fistful of Dollars
229,Chocolat
230,Kill Bill: Vol. 2
231,AVP: Alien vs. Predator
232,Who's Afraid of Virginia Woolf?
233,Capote
234,Things to Do in Denver When You're Dead
235,Garden State
236,Basic Instinct
237,Driving Miss Daisy
238,The Straight Story
239,La Haine
240,Snow White and the Seven Dwarfs
241,The English Patient
242,"The Chronicles of Narnia: The Lion, the Witch and the Wardrobe"
243,Batman Forever
244,Batman & Robin
245,The Life Aquatic with Steve Zissou
246,The Pianist
247,Schindler's List
248,Ice Age
249,Vertigo
250,"The Good, the Bad and the Ugly"
251,"One, Two, Three"
252,Cube
253,Mary Poppins
254,The Day After Tomorrow
255,Maria Full of Grace
256,Aliens vs Predator: Requiem
257,Human Nature
258,Popular Music
259,Caché
260,Leaving Las Vegas
261,The Idiots
262,A Beautiful Mind
263,Romeo + Juliet
264,Bend It Like Beckham
265,Erin Brockovich
266,Klute
267,The Hole
268,My Own Private Idaho
269,21 Grams
270,Pi
271,Bonnie and Clyde
272,Drugstore Cowboy
273,Shaft
274,Monsoon Wedding
275,Shaft
276,Wild at Heart
277,The African Queen
278,Good Will Hunting
279,The Seventh Seal
280,Being John Malkovich
281,Shaft's Big Score!
282,Shaft in Africa
283,Borat: Cultural Learnings of America for Make Benefit Glorious Nation of Kazakhstan
284,The Green Mile
285,Reservoir Dogs
286,Poseidon
287,Monster
288,Johnny Handsome
289,Marnie
290,Killing Zoe
291,Love Actually
292,Notting Hill
293,One Flew Over the Cuckoo's Nest
294,Scoop
295,Dial M for Murder
296,Ed Wood
297,Casino
298,The Blues Brothers
299,Ladyhawke
300,Once Were Warriors
301,A Grand Day Out
302,Wallace & Gromit: The Curse of the Were-Rabbit
303,Terminator Salvation
304,Flashdance
305,Psycho
306,The Man with the Golden Arm
307,There's Something About Mary
308,Transamerica
309,The Horse Whisperer
310,Rashomon
311,Basquiat
312,Fight Club
313,The Poseidon Adventure
314,Dogville
315,Spider-Man
316,Spider-Man 2
317,Spider-Man 3
318,Constantine
319,Die Hard
320,Starship Troopers
321,The Mummy
322,The Ring
323,Rear Window
324,Apollo 13
325,The Birds
326,Frenzy
327,The Man Who Knew Too Much
328,The Wild Bunch
329,To Die For
330,Jaws
331,Jaws 2
332,Jaws: The Revenge
333,Dances with Wolves
334,The Lives of Others
335,Life of Brian
336,2 Fast 2 Furious
337,"Monsters, Inc."
338,Wag the Dog
339,Big Fish
340,Silent Hill
341,The Hours
342,The Da Vinci Code
343,The Conversation
344,The Terminal
345,To Kill a Mockingbird
346,The Grapes of Wrath
347,Titanic
348,City of God
349,Sunset Boulevard
350,Full Metal Jacket
351,E.T. the Extra-Terrestrial
352,Independence Day
353,The Matrix
354,The Matrix Reloaded
355,The Matrix Revolutions
356,Out of Africa
357,Men in Black
358,Men in Black II
359,Poltergeist
360,Munich
361,Downfall
362,The Passion of the Christ
363,The Last Samurai
364,Wild Things
365,The Birth of a Nation
366,The Bodyguard
367,Ghostbusters
368,Grease
369,The Ninth Gate
370,A Fish Called Wanda
371,Easy Rider
372,The Killing Fields
373,Trainspotting
374,Interview with the Vampire
375,The Usual Suspects
376,The Wizard of Oz
377,Bridget Jones's Diary
378,Angel Heart
379,THX 1138
380,Life Is Beautiful
381,Lost Highway
382,When Harry Met Sally...
383,Catch Me If You Can
384,Requiem for a Dream
385,Butch Cassidy and the Sundance Kid
386,A.I. Artificial Intelligence
387,Dr. No
388,Boyz n the Hood
389,M*A*S*H
390,Troy
391,On the Waterfront
392,"Paris, Texas"
393,From Russia with Love
394,Goldfinger
395,The Tin Drum
396,Thunderball
397,Saw IV
398,Twister
399,Ben-Hur
400,Central Station
401,You Only Live Twice
402,On Her Majesty's Secret Service
403,Oldboy
404,Harry Potter and the Philosopher's Stone
405,Harry Potter and the Chamber of Secrets
406,Harry Potter and the Prisoner of Azkaban
407,Harry Potter and the Goblet of Fire
408,Harry Potter and the Order of the Phoenix
409,Pearl Harbor
410,Aliens
411,Pulp Fiction
412,Diamonds Are Forever
413,The Man with the Golden Gun
414,Contact
415,Dead Man Walking
416,The Bridges of Madison County
417,The Spy Who Loved Me
418,Pink Flamingos
419,Meet the Fockers
420,The Shining
421,Short Cuts
422,Manhattan
423,Moonraker
424,For Your Eyes Only
425,Octopussy
426,A Streetcar Named Desire
427,Annie Hall
428,A Hard Day's Night
429,All About Eve
430,A View to a Kill
431,The Living Daylights
432,Licence to Kill
433,GoldenEye
434,Finding Forrester
435,Four Weddings and a Funeral
436,The Piano
437,Tomorrow Never Dies
438,Top Gun
439,The Sixth Sense
440,The Last Emperor
441,Shaun of the Dead
442,V for Vendetta
443,Face/Off
444,From Dusk Till Dawn
445,Fantasia
446,Gentlemen Prefer Blondes
447,Monty Python and the Holy Grail
448,Braindead
449,The Evil Dead
450,Evil Dead II
451,Army of Darkness
452,Harry Potter and the Half-Blood Prince
453,From Hell
454,GoodFellas
455,Gone with the Wind
456,Home Alone
457,Home Alone 2: Lost in New York
458,Little Miss Sunshine
459,The Rules of the Game
460,Gattaca
461,Gandhi
462,Kolya
463,Almost Famous
464,Mr. & Mrs. Smith
465,Mrs. Doubtfire
466,The Fog
467,The Fog
468,Platoon
469,Blue Velvet
470,The Omen
471,City of Angels
472,Cruel Intentions
473,"Good Morning, Vietnam"
474,Lolita
475,Roman Holiday
476,Rosemary's Baby
477,The Omen
478,Se7en
479,Shrek
480,Shrek 2
481,Shrek the Third
482,Aladdin
483,Airplane!
484,An American Werewolf in London
485,Austin Powers: International Man of Mystery
486,Austin Powers: The Spy Who Shagged Me
487,Austin Powers in Goldmember
488,Sleepers
489,JFK
490,Judgment at Nuremberg
491,Moulin Rouge!
492,Playing by Heart
493,The Bridge on the River Kwai
494,The Day the Earth Stood Still
495,Chinatown
496,Forbidden Planet
497,This Island Earth
498,Underworld: Evolution
499,Videodrome
500,American Graffiti
501,Close Encounters of the Third Kind
502,Dune
503,In the Mood for Love
504,2046
505,Strangers on a Train
506,The X-Files
507,Willow
508,Dragonslayer
509,Krull
510,A Christmas Story
511,Enemy at the Gates
512,The Mask
513,Black Hawk Down
514,Who Framed Roger Rabbit
515,Saving Private Ryan
516,Sleepless in Seattle
517,Dangerous Liaisons
518,WarGames
519,Total Recall
520,Toy Story
521,Toy Story 2
522,Cool Runnings
523,The Running Man
524,Finding Neverland
525,Sliver
526,Tsotsi
527,Planet of the Apes
528,Planet of the Apes
529,Singin' in the Rain
530,The Color Purple
531,A Man for All Seasons
532,Scarface
533,Hook
534,A Few Good Men
535,Crash
536,The Best Years of Our Lives
537,The Flintstones
538,The Flintstones in Viva Rock Vegas
539,All the President's Men
540,Delicatessen
541,Birdman of Alcatraz
542,City Lights
543,The City of Lost Children
544,Cool Hand Luke
545,Doctor Zhivago
546,Meet Me in St. Louis
547,The Big Sleep
548,The Thomas Crown Affair
549,The Thomas Crown Affair
550,The Great Dictator
551,Bullitt
552,Blind Date
553,Cars
554,Cinderella Man
555,Dead Man
556,Dawn of the Dead
557,Dawn of the Dead
558,Do the Right Thing
559,Galaxy Quest
560,Gremlins
561,Gremlins 2: The New Batch
562,Godzilla
563,Rififi
564,Dr. Strangelove or: How I Learned to Stop Worrying and Love the Bomb
565,For a Few Dollars More
566,The Jazz Singer
567,Lethal Weapon
568,Lethal Weapon 2
569,Lethal Weapon 3
570,Lethal Weapon 4
571,Lawrence of Arabia
572,Halloween
573,Heat
574,Ice Age: The Meltdown
575,Kindergarten Cop
576,Madagascar
577,Mission: Impossible
578,Mission: Impossible II
579,Mission: Impossible III
580,Spaceballs
581,The General
582,The Gold Rush
583,The Maltese Falcon
584,The Magnificent Seven
585,Spartacus
586,Dog Day Afternoon
587,Paths of Glory
588,Sweet Smell of Success
589,Seven Years in Tibet
590,Irreversible
591,The Manchurian Candidate
592,The Man Who Would Be King
593,Dirty Harry
594,Eraserhead
595,The China Syndrome
596,The Hustler
597,Sleuth
598,Straw Dogs
599,Stagecoach
600,Double Indemnity
601,Mulholland Drive
602,Heavenly Creatures
603,Sommersby
604,The French Connection
605,Breathless
606,Arlington Road
607,Whale Rider
608,Point Break
609,The Thirteenth Floor
610,The Thing
611,Escape from New York
612,The Wind That Shakes the Barley
613,Catch a Fire
614,The Prestige
615,Dreamgirls
616,The Miracle Worker
617,Babel
618,The Queen
619,The Talented Mr. Ripley
620,The Remains of the Day
621,Rocky Balboa
622,The Good Shepherd
623,Hannibal Rising
624,Ghost Rider
625,Letters from Iwo Jima
626,Lonely Hearts
627,The Host
628,Notes on a Scandal
629,Stranger Than Fiction
630,The Wild Soccer Bunch 4
631,Bridge to Terabithia
632,Street Kings
633,Meet the Robinsons
634,Mr. Bean's Holiday
635,300
636,Sunshine
637,TMNT
638,The Dreamers
639,Samaritan Girl
640,Bean
641,Torrente 3: The Protector
642,American Psycho
643,Frida
644,Monster's Ball
645,Rocky
646,Rocky II
647,First Blood
648,Rambo: First Blood Part II
649,Rambo III
650,Rocky III
651,Blood Diamond
652,Rocky IV
653,Rocky V
654,Shortbus
655,Lights in the Dusk
656,Gleaming the Cube
657,The Fountain
658,Out of Sight
659,Y Tu Mamá También
660,Born Into Brothels: Calcutta's Red Light Kids
661,Nostalgia
662,Mirror
663,The Pursuit of Happyness
664,Greed
665,City Slickers
666,La Vie en Rose
667,Cutthroat Island
668,The Rapture
669,"sex, lies, and videotape"
670,M. Butterfly
671,Party Monster
672,Pan's Labyrinth
673,The Departed
674,Perfume: The Story of a Murderer
675,Once Upon a Time in Mexico
676,25th Hour
677,Bowling for Columbine
678,The Devil's Backbone
679,Tarnation
680,The Warrior
681,Anna and the King
682,Little Children
683,The Contract
684,The Virgin Suicides
685,Blood: The Last Vampire
686,Superman Returns
687,Touch of Evil
688,Hellboy
689,The Illusionist
690,1492: Conquest of Paradise
691,Miss Congeniality
692,Curse of the Golden Flower
693,Kingdom of Heaven
694,Cool as Ice
695,Teenage Mutant Ninja Turtles II: The Secret of the Ooze
696,Teenage Mutant Ninja Turtles
697,Teenage Mutant Ninja Turtles III
698,The Last King of Scotland
699,Pathfinder
700,Spy Game
701,Changing Lanes
702,Collateral
703,Thelma & Louise
704,Office Space
705,Imagine Me & You
706,The Lost Boys
707,Ghost World
708,Flatliners
709,Parenthood
710,The Beat That My Heart Skipped
711,The Spanish Apartment
712,28 Weeks Later
713,Live Free or Die Hard
714,Die Hard: With a Vengeance
715,Die Hard 2
716,Chicago
717,Resident Evil
718,Resident Evil: Apocalypse
719,Raging Bull
720,Apocalypto
721,Rope
722,The Holiday
723,School of Rock
724,It's a Wonderful Life
725,Secret Window
726,What's Eating Gilbert Grape
727,Bring It On
728,Copying Beethoven
729,Primal Fear
730,Night at the Museum
731,Meet the Parents
732,Cape Fear
733,I ♥ Huckabees
734,A Bronx Tale
735,The 51st State
736,The Way of the Gun
737,Hitman
738,Trading Places
739,Brubaker
740,Liar Liar
741,Vivre Sa Vie
742,The People vs. Larry Flynt
743,Mississippi Burning
744,Fried Green Tomatoes
745,Free Willy
746,The Island
747,Bedazzled
748,Speed
749,Speed 2: Cruise Control
750,Crash
751,Forces of Nature
752,The Net
753,Last Tango in Paris
754,A Time to Kill
755,Freedom Writers
756,The Recruit
757,Bill & Ted's Excellent Adventure
758,Bill & Ted's Bogus Journey
759,Mississippi Mermaid
760,The Dirty Dozen
761,The Legend of Zorro
762,Last Days
763,The Bridge
764,March of the Penguins
765,The Hunt for Red October
766,Day for Night
767,Ray
768,Godzilla
769,Godzilla Raids Again
770,The Reaping
771,Beneath the Planet of the Apes
772,Escape from the Planet of the Apes
773,Conquest of the Planet of the Apes
774,Little Buddha
775,Hostel
776,Hostel: Part II
777,Re-Animator
778,The Devil's Rejects
779,Misery
780,Con Air
781,Battle for the Planet of the Apes
782,Copycat
783,Giant
784,Jungle Fever
785,Fahrenheit 451
786,The Cider House Rules
787,All the King's Men
788,Captain Corelli's Mandolin
789,The Incredible Hulk
790,West Side Story
791,Iron Man
792,Bird on a Wire
793,The Forbidden Kingdom
794,Inland Empire
795,Helen
796,The Prisoner of Zenda
797,The Mummy Returns
798,The Mummy: Tomb of the Dragon Emperor
799,Next
800,Michael Collins
801,Captain America: The First Avenger
802,Canadian Bacon
803,Fahrenheit 9/11
804,Roger & Me
805,An Inconvenient Truth
806,Au Revoir les Enfants
807,Footloose
808,The Piano Teacher
809,Stuck on You
810,Elephant
811,Velvet Goldmine
812,The Rules of Attraction
813,Trick
814,The Devil's Advocate
815,A Chorus Line
816,Phone Booth
817,"You, Me and Dupree"
818,50 First Dates
819,Over the Top
820,Russian Dolls
821,Lord of War
822,The Next Best Thing
823,Dogma
824,Rent
825,"Farewell, My Lovely"
826,Lady in the Lake
827,The Legend of Boggy Creek
828,Entrapment
829,The Long Goodbye
830,Man on the Moon
831,World Trade Center
832,The Transformers: The Movie
833,Transformers
834,Ninotchka
835,Pirates of the Caribbean: On Stranger Tides
836,Beyond Rangoon
837,Fear and Loathing in Las Vegas
838,Guess Who's Coming to Dinner
839,Red Dawn
840,Malcolm X
841,The Karate Kid
842,Marie Antoinette
843,The Empire Strikes Back
844,Return of the Jedi
845,Star Wars: Episode I - The Phantom Menace
846,Star Wars: Episode II - Attack of the Clones
847,Star Wars: Episode III - Revenge of the Sith
848,Traffic
849,Open Your Eyes
850,Vanilla Sky
851,Memoirs of a Geisha
852,The Beach
853,Inherit the Wind
854,Don Juan DeMarco
855,The 13th Warrior
856,The Sea Inside
857,Away from Her
858,Sweet November
859,Twin Peaks: Fire Walk with Me
860,Superman
861,Hulk
862,The Amazing Spider-Man
863,Stomp the Yard
864,The Others
865,Shakespeare in Love
866,Me and My Sister
867,River of No Return
868,Laura
869,Porgy and Bess
870,Exodus
871,The Door in the Floor
872,Nell
873,eXistenZ
874,An Unfinished Life
875,Crank
876,Zodiac
877,Lucky You
878,Manderlay
879,The Butterfly Effect
880,The Elephant Man
881,Gerry
882,Enough
883,8 Women
884,My Name Is Bruce
885,The Bow
886,A Perfect Murder
887,Alexander
888,Fools Rush In
889,Bandidas
890,The Grudge
891,The Grudge 2
892,The Grudge 3
893,Stage Fright
894,Fantastic Four: Rise of the Silver Surfer
895,The Constant Gardener
896,Live and Become
897,A Mighty Heart
898,My Blueberry Nights
899,Paranoid Park
900,Death Proof
901,Planet Terror
902,The Most Dangerous Game
903,Lara Croft: Tomb Raider
904,Lara Croft: Tomb Raider - The Cradle of Life
905,Two Brothers
906,In the Bedroom
907,"Aguirre, the Wrath of God"
908,We Own the Night
909,The Last Mistress
910,Sister Act
911,Lorenzo's Oil
912,"4 Months, 3 Weeks and 2 Days"
913,The Diving Bell and the Butterfly
914,The Edge of Heaven
915,Secret Sunshine
916,Days of Glory
917,No Good Deed
918,The Wedding Planner
919,Hard Target
920,The Bachelor
921,Mr. Deeds
922,Hidalgo
923,The Patriot
924,Hostage
925,Say Anything...
926,Training Day
927,Moonstruck
928,Along Came a Spider
929,The Lake House
930,The Gift
931,"I, Robot"
932,Mr. Holland's Opus
933,Open Range
934,The Station Agent
935,Original Sin
936,National Treasure
937,Ratatouille
938,While You Were Sleeping
939,Could This Be Love?
940,Mission to Mars
941,The Whole Nine Yards
942,Shattered
943,Flirting with Disaster
944,X-Men Origins: Wolverine
945,Halloween
946,Birthday Girl
947,Romeo Must Die
948,Nick of Time
949,Romeo Is Bleeding
950,Cutaway
951,Viva Las Vegas
952,Raw Deal
953,The Last Castle
954,Solaris
955,American Pie
956,The Breakfast Club
957,Rush Hour
958,Wasabi
959,Payback
960,Final Fantasy: The Spirits Within
961,Out of Time
962,L.A. Confidential
963,Days of Thunder
964,The Whole Ten Yards
965,"Me, Myself & Irene"
966,Color of Night
967,The Perfect Storm
968,The Time Machine
969,The Time Machine
970,Kiss of the Dragon
971,Cop Land
972,One Night at McCool's
973,The Cotton Club
974,Body of Evidence
975,The Driver
976,Reindeer Games
977,Lost in Space
978,Voyage to the Bottom of the Sea
979,Fantastic Voyage
980,Chill Factor
981,Breakdown
982,Stargate
983,Liberty Stands Still
984,Wet Hot American Summer
985,The Glass House
986,Tenacious D in The Pick of Destiny
987,Big Trouble
988,Death at a Funeral
989,Lassie Come Home
990,16 Blocks
991,Earth Girls Are Easy
992,Nightwatch
993,Hallam Foe
994,Malice
995,Unfaithful
996,Eastern Promises
997,Valkyrie
998,Chasing Amy
999,The House of the Spirits
1000,Paris Je T'aime
1001,The Golden Compass
1002,Day Watch
1003,Stardust
1004,The Seeker: The Dark Is Rising
1005,The General's Daughter
1006,Bicentennial Man
1007,Big
1008,Mr. Magorium's Wonder Emporium
1009,Closer
1010,Cold Mountain
1011,Jakob the Liar
1012,Jacob's Ladder
1013,Clerks
1014,Mallrats
1015,Jay and Silent Bob Strike Back
1016,Clerks II
1017,Space Jam
1018,Inkheart
1019,Beowulf
1020,In the Name of the King: A Dungeon Siege Tale
1021,Prime
1022,Executive Decision
1023,Married to the Mob
1024,Sneakers
1025,Field of Dreams
1026,Local Color
1027,Taxi
1028,Taxi 2
1029,Taxi 3
1030,Taxi 4
1031,Reign Over Me
1032,10 Items or Less
1033,Sicko
1034,Saving Grace
1035,Westworld
1036,Topaz
1037,The Bear
1038,Asterix at the Olympic Games
1039,The Greatest Story Ever Told
1040,Double Dragon
1041,The Nativity Story
1042,Harley Davidson and the Marlboro Man
1043,The Chronicles of Narnia: Prince Caspian
1044,Running Out of Time
1045,Eragon
1046,The Princess Bride
1047,The Bourne Identity
1048,The Bourne Supremacy
1049,The Bourne Ultimatum
1050,The Bible: In the Beginning...
1051,Spanglish
1052,Joe Versus the Volcano
1053,The Aviator
1054,The Tailor of Panama
1055,Born on the Fourth of July
1056,Short Circuit
1057,"Planes, Trains and Automobiles"
1058,Shopgirl
1059,Mr. Destiny
1060,Innerspace
1061,Uncle Buck
1062,The Great Outdoors
1063,Splash
1064,Armed and Dangerous
1065,Return to Me
1066,An Officer and a Gentleman
1067,The Specialist
1068,The Mothman Prophecies
1069,Deconstructing Harry
1070,Heathers
1071,Two Weeks Notice
1072,The Game
1073,Hard Candy
1074,In the Mouth of Madness
1075,What Lies Beneath
1076,Pleasantville
1077,Batman
1078,House of 1000 Corpses
1079,Airplane II: The Sequel
1080,Dark City
1081,The Blair Witch Project
1082,Sleepy Hollow
1083,The Bounty
1084,Ring
1085,Signs
1086,Memoirs of an Invisible Man
1087,Irma la Douce
1088,Evan Almighty
1089,Postal
1090,Naked Lunch
1091,15 Minutes
1092,40 Days and 40 Nights
1093,About Schmidt
1094,The Abyss
1095,Adaptation.
1096,Addams Family Values
1097,"The Adventures of Priscilla, Queen of the Desert"
1098,The Lodger: A Story of the London Fog
1099,American Gigolo
1100,An American in Paris
1101,American Pie 2
1102,American Splendor
1103,Clifford
1104,Pitch Black
1105,Reality Bites
1106,The Chronicles of Riddick
1107,Rumor Has It...
1108,Identity
1109,The Apostle
1110,Around the World in Eighty Days
1111,As Good as It Gets
1112,Asterix & Obelix: Mission Cleopatra
1113,The Astronaut's Wife
1114,The Addams Family
1115,Backdraft
1116,The First Wives Club
1117,Michael
1118,License to Wed
1119,Hairspray
1120,Becoming Jane
1121,Ghostbusters II
1122,A Countess from Hong Kong
1123,Roar
1124,Pacific Heights
1125,Zabriskie Point
1126,How to Steal a Million
1127,The Trial
1128,Bloodline
1129,Dr. Jekyll and Mr. Hyde
1130,1408
1131,Abbott and Costello Meet Dr. Jekyll and Mr. Hyde
1132,Gods and Monsters
1133,Young Frankenstein
1134,Frankenstein
1135,Mary Shelley's Frankenstein
1136,Night Watch
1137,Ace Ventura: Pet Detective
1138,Doctor Dolittle
1139,Valley of the Dolls
1140,Intolerance: Love's Struggle Throughout the Ages
1141,The Big Parade
1142,42nd Street
1143,Chances Are
1144,Mystery Science Theater 3000: The Movie
1145,Frankenstein Unbound
1146,Bud Abbott and Lou Costello Meet Frankenstein
1147,It Happened One Night
1148,The Curse of Frankenstein
1149,Top Hat
1150,Modern Times
1151,Mr. Smith Goes to Washington
1152,My Darling Clementine
1153,Red River
1154,The Treasure of the Sierra Madre
1155,Basic Instinct 2
1156,"The Tulse Luper Suitcases, Part 1: The Moab Story"
1157,"The Tulse Luper Suitcases, Part 2: Vaux to the Sea"
1158,"The Tulse Luper Suitcases, Part 3: From Sark to the Finish"
1159,The Quiet Man
1160,Shane
1161,A Star Is Born
1162,Midnight Cowboy
1163,Nashville
1164,Lady Frankenstein
1165,Gangs of New York
1166,Bad Company
1167,Bambi
1168,Bandits
1169,Barry Lyndon
1170,Battle Royale
1171,Battle Royale II: Requiem
1172,Beavis and Butt-Head Do America
1173,"Good Night, and Good Luck."
1174,Mildred Pierce
1175,My Friend Frankenstein
1176,Mr. Brooks
1177,The Train
1178,88 Minutes
1179,A Scanner Darkly
1180,Under Siege 2: Dark Territory
1181,Working Girl
1182,Frances
1183,Don't Come Knocking
1184,The Thin Man
1185,U-571
1186,Fame
1187,"Girl, Interrupted"
1188,I Now Pronounce You Chuck & Larry
1189,Emma
1190,Changeling
1191,Prêt-à-Porter
1192,The Number 23
1193,Ransom
1194,I Know What You Did Last Summer
1195,I Still Know What You Did Last Summer
1196,Flash Gordon
1197,Tara Road
1198,Girl with a Pearl Earring
1199,No Reservations
1200,54
1201,Flags of Our Fathers
1202,Apache Gold
1203,The Lady from Shanghai
1204,Gilda
1205,Frankie and Johnny
1206,Buck Rogers in the 25th Century
1207,Things We Lost in the Fire
1208,I'm Not There
1209,Corpse Bride
1210,Critters
1211,What Women Want
1212,Team America: World Police
1213,Beetlejuice
1214,The Believer
1215,My Girl
1216,Law of Desire
1217,Black Rain
1218,The Transporter
1219,Blow
1220,Shoot 'Em Up
1221,Road to Perdition
1222,Revolutionary Road
1223,Heyy Babyy
1224,Breach
1225,Spellbound
1226,Under Capricorn
1227,Murder on the Orient Express
1228,The Bride Wore Black
1229,Death on the Nile
1230,Evil Under the Sun
1231,Women on the Verge of a Nervous Breakdown
1232,The French Revolution
1233,Scream
1234,Scream 2
1235,Scream 3
1236,The Kid
1237,Scary Movie
1238,Scary Movie 2
1239,Veer-Zaara
1240,Chalte Chalte
1241,Scary Movie 3
1242,Scary Movie 4
1243,Scary Movie 5
1244,The Flower of My Secret
1245,Charlie's Angels
1246,Atonement
1247,Pride & Prejudice
1248,The Kingdom
1249,Bordertown
1250,Monster-in-Law
1251,Shall We Dance?
1252,The Three Investigators in The Secret of Skeleton Island
1253,The Brave One
1254,Les Misérables
1255,G.I. Jane
1256,Aśoka
1257,2010
1258,The Brothers Grimm
1259,Seabiscuit
1260,Legends of the Fall
1261,The Devil's Own
1262,Indecent Proposal
1263,La Cage aux Folles
1264,Friday the 13th
1265,"Pepi, Luci, Bom"
1266,The Assassination of Jesse James by the Coward Robert Ford
1267,30 Days of Night
1268,Lions for Lambs
1269,Elizabeth: The Golden Age
1270,Elizabeth
1271,Enchanted
1272,The Darjeeling Limited
1273,Monty Python's The Meaning of Life
1274,Panic Room
1275,Be Cool
1276,A Tale of Two Sisters
1277,The Machinist
1278,Sex and the City
1279,Michael Clayton
1280,Sense and Sensibility
1281,Mermaids
1282,"Lust, Caution"
1283,Carolina
1284,The Discreet Charm of the Bourgeoisie
1285,Armored
1286,Raising Helen
1287,Absolon
1288,The Sum of All Fears
1289,December Boys
1290,Hot Fuzz
1291,The Guardian
1292,Across the Universe
1293,Sympathy for Mr. Vengeance
1294,At Long Last Love
1295,Body Snatchers
1296,Southland Tales
1297,Gone Baby Gone
1298,Obsession
1299,Runaway Bride
1300,Charade
1301,Ghost Dog: The Way of the Samurai
1302,Final Analysis
1303,The Jackal
1304,Guys and Dolls
1305,Layer Cake
1306,The Invasion
1307,Dark Blue
1308,Confessions of a Dangerous Mind
1309,Guilty as Sin
1310,A Boy and His Dog
1311,The Fourth Protocol
1312,The Curious Case of Benjamin Button
1313,Zardoz
1314,Edge of Seventeen
1315,Hang 'em High
1316,A Guide for the Married Man
1317,Howl's Moving Castle
1318,Leatherheads
1319,Burn After Reading
1320,Man on Fire
1321,10 Things I Hate About You
1322,Pillow Talk
1323,Be Kind Rewind
1324,Drop Zone
1325,The Legend of Bagger Vance
1326,The International
1327,"Synecdoche, New York"
1328,Mimic
1329,Knocked Up
1330,Impostor
1331,Keeping the Faith
1332,Gothika
1333,An American Tail
1334,American Gangster
1335,The Longest Yard
1336,Hustle
1337,Boogie Nights
1338,Wonderland
1339,Lifeguard
1340,Vicky Cristina Barcelona
1341,Pharaoh
1342,Prospero's Books
1343,The Sugarland Express
1344,August Rush
1345,Rendition
1346,Martian Child
1347,Sky Captain and the World of Tomorrow
1348,The Fox and the Child
1349,Hannah and Her Sisters
1350,The In-Laws
1351,Bicycle Thieves
1352,Saint-Jacques... La Mecque
1353,The Astronaut Farmer
1354,Rush Hour 3
1355,Rush Hour 2
1356,3:10 to Yuma
1357,The Private Life of Sherlock Holmes
1358,Wild Orchid
1359,Kontroll
1360,The Boss of It All
1361,Stay Hungry
1362,Kiss Kiss Bang Bang
1363,The Polar Express
1364,Gosford Park
1365,Chaos
1366,Apartment Zero
1367,"Salò, or the 120 Days of Sodom"
1368,The Hunting Party
1369,Fred Claus
1370,Happily N'Ever After
1371,Beowulf
1372,Battlefield Earth
1373,The Fugitive
1374,The Ladykillers
1375,The Chorus
1376,RoboCop
1377,RoboCop 2
1378,RoboCop 3
1379,Space Cowboys
1380,Bee Movie
1381,Luther
1382,Elvira: Mistress of the Dark
1383,Pee-wee's Big Adventure
1384,The Blue Lagoon
1385,Hoosiers
1386,Control
1387,King of California
1388,Vixen!
1389,Beyond the Valley of the Dolls
1390,Once
1391,Supervixens
1392,Knight Moves
1393,Tom Jones
1394,Torn Curtain
1395,The Sentinel
1396,Sweet Sweetback's Baadasssss Song
1397,National Lampoon's Christmas Vacation
1398,Showtime
1399,Angel Eyes
1400,Family Plot
1401,I Know Who Killed Me
1402,The Mist
1403,Blue in the Face
1404,Bolero
1405,A Bridge Too Far
1406,Into the Wild
1407,The Getaway
1408,The Towering Inferno
1409,The Sand Pebbles
1410,Papillon
1411,The Great Escape
1412,The Pledge
1413,Fanny and Alexander
1414,Along Came Polly
1415,The Umbrellas of Cherbourg
1416,The Woman in Red
1417,The Family Man
1418,Sorority Boys
1419,P.S. I Love You
1420,Shanghai Knights
1421,Six Days Seven Nights
1422,The Witches of Eastwick
1423,Kiss of Death
1424,One Eight Seven
1425,The Mexican
1426,Carlito's Way
1427,Revenge of the Pink Panther
1428,Salvador
1429,Bram Stoker's Dracula
1430,Spice World
1431,Fracture
1432,Dreamcatcher
1433,Cat People
1434,Reign of Fire
1435,Sister Act 2: Back in the Habit
1436,Junior
1437,Coyote Ugly
1438,MouseHunt
1439,Brotherhood of the Wolf
1440,Blue Thunder
1441,The Chamber
1442,Jellyfish
1443,Taking Care of Business
1444,SLC Punk
1445,Three Kings
1446,Practical Magic
1447,Racing Stripes
1448,The Shipping News
1449,Freddy vs. Jason
1450,The Jerk
1451,Guarding Tess
1452,Alvin and the Chipmunks
1453,Beyond the Sea
1454,I Am Legend
1455,Arachnophobia
1456,Turbo: A Power Rangers Movie
1457,The Dukes of Hazzard
1458,First Knight
1459,The Contender
1460,Life
1461,The Orphanage
1462,Charlie Wilson's War
1463,Idle Hands
1464,27 Dresses
1465,Walk Hard: The Dewey Cox Story
1466,Underdog
1467,Godzilla vs. Mechagodzilla II
1468,Lars and the Real Girl
1469,Sabrina
1470,The Peacemaker
1471,National Treasure: Book of Secrets
1472,Love in the Time of Cholera
1473,Love and Other Disasters
1474,El Dorado
1475,TransSiberian
1476,Priceless
1477,The Rookie
1478,Zathura: A Space Adventure
1479,The Ten Commandments
1480,Failure to Launch
1481,Homeward Bound: The Incredible Journey
1482,Two-Minute Warning
1483,The Gate
1484,One Missed Call
1485,Yamakasi
1486,Ben X
1487,The Village
1488,"What's Up, Doc?"
1489,Outbreak
1490,Turner & Hooch
1491,The 40 Year Old Virgin
1492,The Wedding Date
1493,The Weather Man
1494,Something's Gotta Give
1495,The White Masai
1496,The Baader Meinhof Complex
1497,Australia
1498,In the Valley of Elah
1499,No Country for Old Men
1500,Big Trouble in Little China
1501,Rising Sun
1502,The Wild Geese
1503,Ken Park
1504,Vampire's Kiss
1505,Jack
1506,Van Helsing
1507,Perfect Stranger
1508,Cloverfield
1509,Dan in Real Life
1510,Coach Carter
1511,Zombie Flesh Eaters
1512,The Punisher
1513,Airport '77
1514,Ruby & Quentin
1515,Rebound
1516,Matchstick Men
1517,Meet the Spartans
1518,The Last Lear
1519,Duplex
1520,2001: A Space Travesty
1521,Equilibrium
1522,Maid in Manhattan
1523,Running Scared
1524,Alive
1525,Juno
1526,Carrie
1527,The Rage: Carrie 2
1528,There Will Be Blood
1529,Elite Squad
1530,The Bucket List
1531,Julia
1532,Fireflies in the Garden
1533,Sahara
1534,Sleeping with the Enemy
1535,Chicken Run
1536,Brothers
1537,Tropic Thunder
1538,Titan A.E.
1539,xXx
1540,"The Cook, the Thief, His Wife & Her Lover"
1541,The Hitchhiker's Guide to the Galaxy
1542,Alpha Dog
1543,Speed Racer
1544,Vantage Point
1545,Einfach nur Liebe
1546,Open Season
1547,Shooter
1548,Knockaround Guys
1549,Harum Scarum
1550,Like Stars on Earth
1551,Running with Scissors
1552,The Last Kiss
1553,Idiocracy
1554,Smokin' Aces
1555,Over the Hedge
1556,Cocktail
1557,Come Early Morning
1558,The Libertine
1559,Déjà Vu
1560,Fun with Dick and Jane
1561,Waiting...
1562,Rambo
1563,The Wave
1564,Resident Evil: Extinction
1565,Youth Without Youth
1566,"10,000 BC"
1567,Half Nelson
1568,The Counterfeiters
1569,Shine
1570,Down in the Valley
1571,Harsh Times
1572,Black Snake Moan
1573,Rang De Basanti
1574,Far Cry
1575,Run Fatboy Run
1576,Shine a Light
1577,Before the Devil Knows You're Dead
1578,The Wolfman
1579,The Kite Runner
1580,The Lovely Bones
1581,In the Name of the Father
1582,Penelope
1583,The Island
1584,Robin Hood: Men in Tights
1585,Behind Enemy Lines
1586,Highlander
1587,Highlander II: The Quickening
1588,Highlander III: The Sorcerer
1589,Get Shorty
1590,Valley of Flowers
1591,Breakheart Pass
1592,Gigli
1593,Punch-Drunk Love
1594,Hard Eight
1595,The Three Burials of Melquiades Estrada
1596,The Imaginarium of Doctor Parnassus
1597,The Reader
1598,Train of Life
1599,Married Life
1600,21
1601,Stay
1602,A Life Less Ordinary
1603,Desperado
1604,Barbarella
1605,Alphaville
1606,Band of Outsiders
1607,Alien³
1608,Alien Resurrection
1609,Om Shanti Om
1610,Suspect Zero
1611,Broken Embraces
1612,Untraceable
1613,The Magdalene Sisters
1614,Cleopatra
1615,Desperately Seeking Susan
1616,You Kill Me
1617,Napoleon Dynamite
1618,Ronin
1619,Midnight in the Garden of Good and Evil
1620,The Quiet American
1621,Æon Flux
1622,The Spiderwick Chronicles
1623,Meet the Feebles
1624,8MM
1625,Jumper
1626,Welcome to the Sticks
1627,The Lookout
1628,Disturbia
1629,American Wedding
1630,American Pie Presents: Beta House
1631,Paris
1632,The Spirit
1633,Poetic Justice
1634,Four Brothers
1635,Howards End
1636,The Countess
1637,In Bruges
1638,Holes
1639,The Holy Mountain
1640,Step Up 2: The Streets
1641,[REC]
1642,Antibodies
1643,They Live
1644,Blindness
1645,No Man's Land
1646,Badland
1647,My Big Fat Greek Wedding
1648,Thunderbolt and Lightfoot
1649,The Red Baron
1650,Ice Age: Dawn of the Dinosaurs
1651,An Affair to Remember
1652,Cast Away
1653,Kit Kittredge: An American Girl
1654,Superbad
1655,Robin Hood: Prince of Thieves
1656,Transformers: Revenge of the Fallen
1657,The Boondock Saints
1658,How High
1659,¡Three Amigos!
1660,My Neighbor Totoro
1661,The Gods Must Be Crazy
1662,The Hitcher
1663,Day of the Dead
1664,A Man Apart
1665,Event Horizon
1666,The Conformist
1667,"Süss, the Jew"
1668,...And God Created Woman
1669,I Spy
1670,Murder in the First
1671,Carandiru
1672,The 6th Day
1673,Fanaa
1674,Never Back Down
1675,Drillbit Taylor
1676,Funny Games
1677,Dumb and Dumber
1678,Animal House
1679,John Q
1680,Wild Wild West
1681,Hitch
1682,Ali
1683,Borderline
1684,Weekend at Bernie's
1685,Weekend at Bernie's II
1686,Devil in a Blue Dress
1687,Superman II
1688,Shanghai Noon
1689,The Lion King
1690,Dick Tracy
1691,Prom Night
1692,The History Boys
1693,Master and Commander: The Far Side of the World
1694,The Exorcism of Emily Rose
1695,The Happening
1696,Bringing Out the Dead
1697,The Isle
1698,Deep Impact
1699,K-19: The Widowmaker
1700,Charlie Bartlett
1701,Orgazmo
1702,Fool's Gold
1703,Taken
1704,Snake Eyes
1705,Cannibal Holocaust
1706,Calendar Girls
1707,The League of Extraordinary Gentlemen
1708,Anchorman: The Legend of Ron Burgundy
1709,The Final Countdown
1710,The Thin Red Line
1711,Albino Alligator
1712,The Black Balloon
1713,Top Secret!
1714,Hellraiser: Bloodline
1715,Christine
1716,Baby Mama
1717,Mad Max 2
1718,Doom
1719,Evita
1720,99 Francs
1721,Timecop
1722,Il Divo
1723,Conspiracy Theory
1724,Legally Blonde
1725,The X Files: I Want to Believe
1726,Mercury Rising
1727,Casper
1728,DragonHeart
1729,Against the Ropes
1730,The Cell
1731,Jumanji
1732,Under Siege
1733,The Bank Job
1734,Alfie
1735,The Shadow
1736,The Blob
1737,Prince of Darkness
1738,Steel
1739,The Karate Kid Part II
1740,"Dude, Where's My Car?"
1741,Metro
1742,Eight Legged Freaks
1743,Red Planet
1744,How the Grinch Stole Christmas
1745,Wayne's World
1746,Wayne's World 2
1747,My Best Friend's Wedding
1748,Timber Falls
1749,Pale Rider
1750,Che: Part Two
1751,Flame & Citron
1752,Waltz with Bashir
1753,Adoration
1754,The Headless Woman
1755,Wanted
1756,Pet Sematary
1757,Deep Blue Sea
1758,Amelia
1759,Antz
1760,Garfield
1761,Jeepers Creepers
1762,Wendy and Lucy
1763,What Just Happened
1764,I Love You Phillip Morris
1765,Steamboy
1766,Hancock
1767,Bad Boys II
1768,Crimson Tide
1769,Twilight
1770,The Tree of Life
1771,Boogeyman
1772,The Out-of-Towners
1773,The War of the Worlds
1774,The Marine
1775,A Lot Like Love
1776,Assault on Precinct 13
1777,The Protector
1778,Disclosure
1779,The River Wild
1780,Stop-Loss
1781,Harry and the Hendersons
1782,The Sure Thing
1783,Friends with Money
1784,Derailed
1785,Hellraiser
1786,Just Like Heaven
1787,The Insider
1788,Dark Water
1789,Silentium
1790,Jackass: The Movie
1791,Midnight Run
1792,Treasure Planet
1793,The Santa Clause 2
1794,All the Boys Love Mandy Lane
1795,Spirit: Stallion of the Cimarron
1796,For Love or Money
1797,The Importance of Being Earnest
1798,What Happens in Vegas
1799,The Eye
1800,Big Daddy
1801,The Banger Sisters
1802,Slither
1803,Eight Below
1804,Grease 2
1805,The Heartbreak Kid
1806,Trapped
1807,Serpico
1808,The Cave
1809,The Family Stone
1810,Tristan & Isolde
1811,10
1812,DOA: Dead or Alive
1813,Gone Fishin'
1814,Police Story
1815,Terminal Velocity
1816,Tales from the Crypt: Demon Knight
1817,Love Story
1818,Hellbound: Hellraiser II
1819,The Brady Bunch Movie
1820,Tank Girl
1821,Mighty Morphin Power Rangers: The Movie
1822,Living in Oblivion
1823,Little Man
1824,Free Willy 2: The Adventure Home
1825,The Man
1826,Black Book
1827,The Sword in the Stone
1828,Dying Young
1829,Spies Like Us
1830,Waking Life
1831,Harlem Nights
1832,Young Guns II
1833,The American President
1834,Home for the Holidays
1835,Sudden Death
1836,The Four Feathers
1837,Mary Reilly
1838,Medicine Man
1839,Sgt. Bilko
1840,The Craft
1841,Screamers
1842,The Quest
1843,Buffalo Soldiers
1844,Broken Arrow
1845,Hot Shots! Part Deux
1846,S.W.A.T.
1847,Welcome to Collinwood
1848,The Wedding Banquet
1849,My Mom's New Boyfriend
1850,Now and Then
1851,Poison Ivy
1852,Blue Crush
1853,And Now for Something Completely Different
1854,Eraser
1855,Brick
1856,Virtuosity
1857,The Good Son
1858,Ace Ventura: When Nature Calls
1859,Death to Smoochy
1860,The Faculty
1861,The Sting
1862,Freejack
1863,Jingle All the Way
1864,Femme Fatale
1865,Witness
1866,Beautiful Girls
1867,Road Trip
1868,Final Destination 3
1869,The Longest Day
1870,Crocodile Dundee in Los Angeles
1871,The Longest Yard
1872,Hudson Hawk
1873,John Tucker Must Die
1874,Phenomenon
1875,S1m0ne
1876,Monster House
1877,Ali G Indahouse
1878,Orlando
1879,Up Close & Personal
1880,Bound
1881,Multiplicity
1882,Microcosmos
1883,The Island of Dr. Moreau
1884,American Dreamz
1885,Smilla's Sense of Snow
1886,Mortal Kombat
1887,The Man in the Iron Mask
1888,Flightplan
1889,Ong Bak
1890,The Last Boy Scout
1891,The Avengers
1892,La Femme Nikita
1893,Ghost in the Shell
1894,The Jungle Book
1895,Romancing the Stone
1896,The Nutty Professor
1897,Clear and Present Danger
1898,Last Man Standing
1899,The Scorpion King
1900,Transporter 2
1901,Police Academy
1902,Click
1903,The Goonies
1904,The Core
1905,The Mask of Zorro
1906,Kids
1907,Risky Business
1908,Species
1909,Universal Soldier
1910,Cliffhanger
1911,EuroTrip
1912,Nacho Libre
1913,"Honey, I Shrunk the Kids"
1914,Mad Max Beyond Thunderdome
1915,Look Who's Talking Too
1916,One Hour Photo
1917,Final Destination 2
1918,Maverick
1919,Anaconda
1920,The Last of the Mohicans
1921,Tremors
1922,Wuthering Heights
1923,Donnie Brasco
1924,El Mariachi
1925,Super Size Me
1926,The Texas Chainsaw Massacre
1927,Death Becomes Her
1928,Ferris Bueller's Day Off
1929,Thir13en Ghosts
1930,Babylon A.D.
1931,Boys on the Side
1932,Hollow Man
1933,Starsky & Hutch
1934,In the Line of Fire
1935,Conan the Barbarian
1936,Thank You for Smoking
1937,Renaissance
1938,Jerry Maguire
1939,The Descent
1940,Before the Fall
1941,Above the Law
1942,Crocodile Dundee II
1943,Evolution
1944,Zoolander
1945,Lionheart
1946,Set It Off
1947,Private Parts
1948,Police Story 4: First Strike
1949,Double Team
1950,An American Werewolf in Paris
1951,Red Corner
1952,Surf's Up
1953,Another Stakeout
1954,Great Expectations
1955,Fallen
1956,Picture Perfect
1957,The Man Who Knew Too Little
1958,Murder at 1600
1959,Money Talks
1960,The Dinner Game
1961,A Civil Action
1962,Virus
1963,Disturbing Behavior
1964,Soldier
1965,The Fly
1966,The Full Monty
1967,The Royal Tenenbaums
1968,A Night at the Roxbury
1969,Go
1970,Bordello of Blood
1971,The Edge
1972,Grosse Pointe Blank
1973,Kiss the Girls
1974,Mr. Magoo
1975,Primary Colors
1976,Stepmom
1977,Dead Men Don't Wear Plaid
1978,Chariots of Fire
1979,Anastasia
1980,Apt Pupil
1981,Jungle 2 Jungle
1982,Babe: Pig in the City
1983,The Big Hit
1984,The Borrowers
1985,Election
1986,Bulworth
1987,Caligula
1988,EverAfter
1989,The Corruptor
1990,Deep Rising
1991,Desperate Measures
1992,Woodstock
1993,Enter the Dragon
1994,The Way of the Dragon
1995,Buffalo '66
1996,Cookie's Fortune
1997,Celebrity
1998,He Got Game
1999,Kung Fu Hustle
2000,Charlie's Angels: Full Throttle
2001,DodgeBall: A True Underdog Story
2002,"South Park: Bigger, Longer & Uncut"
2003,Scent of a Woman
2004,A Knight's Tale
2005,King Arthur
2006,The Nightmare Before Christmas
2007,Daredevil
2008,The Bone Collector
2009,Judge Dredd
2010,Johnny English
2011,A Bug's Life
2012,Spy Kids 2: The Island of Lost Dreams
2013,You've Got Mail
2014,Half Baked
2015,Twins
2016,Look Who's Talking
2017,The Crow
2018,Kung Fu Panda
2019,Glengarry Glen Ross
2020,Anger Management
2021,Runaway
2022,Man on Fire
2023,1½ Ritter - Auf der Suche nach der hinreißenden Herzelinde
2024,Garfield: A Tail of Two Kitties
2025,The Matador
2026,Menace II Society
2027,The Thief Lord
2028,Wedding Crashers
2029,A Prairie Home Companion
2030,Candyman
2031,RV
2032,Superman III
2033,Final Destination
2034,Red Dragon
2035,The Ferpect Crime
2036,Analyze This
2037,Bio-Dome
2038,Scanners
2039,Martyrs
2040,Dead Ringers
2041,Jersey Girl
2042,The Hitcher
2043,Prince of Persia: The Sands of Time
2044,FearDotCom
2045,The Adventures of Ford Fairlane
2046,The Right Stuff
2047,House of Flying Daggers
2048,The Exorcist
2049,Rabbit-Proof Fence
2050,Darkman
2051,Boat Trip
2052,A Perfect World
2053,A Walk in the Clouds
2054,Timeline
2055,Any Given Sunday
2056,Asterix & Obelix Take on Caesar
2057,The Fan
2058,Tears of the Sun
2059,Hard to Kill
2060,The Black Hole
2061,Dazed and Confused
2062,Blood Work
2063,Flubber
2064,Tootsie
2065,A Guy Thing
2066,Divine Secrets of the Ya-Ya Sisterhood
2067,Convoy
2068,The Bonfire of the Vanities
2069,Little Women
2070,That Thing You Do!
2071,Open Water 2: Adrift
2072,Last Action Hero
2073,Double Impact
2074,Hot Shots!
2075,Babe
2076,The Blob
2077,Big Momma's House
2078,Coming to America
2079,Clueless
2080,Red Heat
2081,Single White Female
2082,Metropolis
2083,Super Mario Bros.
2084,Conan the Destroyer
2085,Romy and Michele's High School Reunion
2086,Coneheads
2087,Spider
2088,Happy Gilmore
2089,The Fast and the Furious: Tokyo Drift
2090,The Order
2091,Tango & Cash
2092,Dante's Peak
2093,Paycheck
2094,Elizabethtown
2095,Beverly Hills Ninja
2096,The Juror
2097,On Deadly Ground
2098,The Glimmer Man
2099,Red Sonja
2100,The Negotiator
2101,Scooby-Doo
2102,Phantasm
2103,Cheaper by the Dozen 2
2104,Ghost Ship
2105,Scrooged
2106,Supergirl
2107,The Italian Job
2108,She's the Man
2109,Black Christmas
2110,Mad Max
2111,The Triplets of Belleville
2112,Starman
2113,Flyboys
2114,Glory
2115,Ju-on: The Grudge 2
2116,The Jacket
2117,Ring 2
2118,Crocodile Dundee
2119,Infamous
2120,Ring 0
2121,Sideways
2122,The Black Dahlia
2123,Little Nicky
2124,Gone in Sixty Seconds
2125,Casanova
2126,Pulse
2127,Igby Goes Down
2128,New York Stories
2129,Keeping Mum
2130,Hollywood Ending
2131,Assassins
2132,The Woodsman
2133,Children of Men
2134,One Missed Call
2135,Ichi the Killer
2136,Lady in the Water
2137,The Lost City
2138,North Country
2139,Bound by Honor
2140,The Last Legion
2141,Swordfish
2142,The Spiral
2143,Bubba Ho-tep
2144,The Wicker Man
2145,Holy Man
2146,Home Alone 3
2147,Hope Floats
2148,Everyone Says I Love You
2149,Talladega Nights: The Ballad of Ricky Bobby
2150,Bewitched
2151,Friday the 13th Part 2
2152,A Good Year
2153,End Game
2154,Friday the 13th Part III
2155,Where the Truth Lies
2156,Friday the 13th: The Final Chapter
2157,Friday the 13th: A New Beginning
2158,Bad Boys
2159,Fantastic Four
2160,Demolition Man
2161,Hannibal
2162,Unbreakable
2163,Jack Frost
2164,Kundun
2165,Fletch
2166,Firewall
2167,Norbit
2168,Cellular
2169,Epic Movie
2170,Step Up
2171,Goal!
2172,Gridiron Gang
2173,The Break-Up
2174,Cry-Baby
2175,Lolita
2176,Mad City
2177,Major League: Back to the Minors
2178,Air Force One
2179,Head of State
2180,Proof
2181,Serendipity
2182,The Sisterhood of the Traveling Pants
2183,Detroit Rock City
2184,The Night Listener
2185,The Invisible
2186,Lords of Dogtown
2187,Accepted
2188,My Brother Is an Only Child
2189,Animal Factory
2190,The Hills Have Eyes
2191,The Hills Have Eyes 2
2192,Employee of the Month
2193,Turistas
2194,Enemy of the State
2195,The Fast and the Furious
2196,Philadelphia
2197,Bridget Jones: The Edge of Reason
2198,The Rock
2199,Waterworld
2200,(T)Raumschiff Surprise - Periode 1
2201,The Incredibles
2202,Let's Go to Prison
2203,The Quiet
2204,Goal II: Living the Dream
2205,Save the Last Dance
2206,Marvin's Room
2207,The Parent Trap
2208,Mortal Kombat: Annihilation
2209,Mystery Men
2210,Lake Placid
2211,The Phantom
2212,Phantoms
2213,Unknown
2214,United 93
2215,The Phantom of the Opera
2216,Jane Austen's Mafia!
2217,Happy Feet
2218,The Prince of Egypt
2219,King Solomon's Mines
2220,School for Scoundrels
2221,The Opposite of Sex
2222,Dance with the Devil
2223,To Live and Die in L.A.
2224,My Favorite Martian
2225,Patriot Games
2226,Forgetting Sarah Marshall
2227,Explorers
2228,F/X
2229,Cobra
2230,Urban Legend
2231,Striptease
2232,The Princess Diaries
2233,The Siege
2234,Collateral Damage
2235,Wolf Creek
2236,Johnny Mnemonic
2237,Shallow Hal
2238,The Stepford Wives
2239,Sleepover
2240,The Cable Guy
2241,Man of the Year
2242,Rat Race
2243,The Producers
2244,Grandma's Boy
2245,Wrong Turn
2246,The Hoax
2247,The Wild
2248,Shallow Grave
2249,The Ant Bully
2250,Barnyard
2251,Dangerous Minds
2252,Two for the Money
2253,The World's Fastest Indian
2254,The Skeleton Key
2255,The Last Sin Eater
2256,How to Lose a Guy in 10 Days
2257,Ultraviolet
2258,The Postman
2259,Domino
2260,Robots
2261,Legal Eagles
2262,Analyze That
2263,Down and Out in Beverly Hills
2264,Major League
2265,The Pelican Brief
2266,Vampires
2267,End of Days
2268,Elektra
2269,Find Me Guilty
2270,Rescue Dawn
2271,The Covenant
2272,Blades of Glory
2273,The Benchwarmers
2274,Trailer Park Boys: The Movie
2275,Freedomland
2276,The Good Girl
2277,Premonition
2278,The Messengers
2279,Uncommon Valor
2280,The Big White
2281,Deck the Halls
2282,Lock Up
2283,Curious George
2284,Stormbreaker
2285,Maximum Overdrive
2286,Kicking & Screaming
2287,Chicken Little
2288,Charlotte's Web
2289,Beerfest
2290,Antitrust
2291,Mean Machine
2292,Arthur and the Invisibles
2293,The Great Mouse Detective
2294,Gabriel
2295,Young Einstein
2296,The Saint
2297,See No Evil
2298,An American Haunting
2299,Brother Bear
2300,Cursed
2301,Peggy Sue Got Married
2302,A Nightmare on Elm Street Part 2: Freddy's Revenge
2303,Heartbreak Ridge
2304,Ghosts of Mars
2305,The Wraith
2306,Mannequin
2307,Beauty and the Beast
2308,The Secret of My Success
2309,The Pacifier
2310,Dragnet
2311,My Sister's Keeper
2312,Just My Luck
2313,Unleashed
2314,Honey
2315,Very Bad Things
2316,Good Luck Chuck
2317,District B13
2318,The Messenger: The Story of Joan of Arc
2319,Stealth
2320,Get Over It
2321,Dragonfly
2322,When a Stranger Calls
2323,Spy Kids
2324,The Three Musketeers
2325,Get Rich or Die Tryin'
2326,Escape from L.A.
2327,Edison
2328,The Amityville Horror
2329,House of Wax
2330,The Shaggy Dog
2331,Nine 1/2 Weeks
2332,Stay Alive
2333,Feast
2334,A Nightmare on Elm Street 3: Dream Warriors
2335,Date Movie
2336,Hot Rod
2337,Blood and Chocolate
2338,A Sound of Thunder
2339,The Principal
2340,No Way Out
2341,Man Bites Dog
2342,Reno 911!: Miami
2343,Cry_Wolf
2344,The Return
2345,13 Going on 30
2346,The Kid
2347,Saints and Soldiers
2348,Empire of the Sun
2349,The Aristocats
2350,Action Jackson
2351,Flight of the Navigator
2352,Colors
2353,Critters 2
2354,Alien Nation
2355,A Nightmare on Elm Street 4: The Dream Master
2356,Talk Radio
2357,Cypher
2358,Cyborg
2359,Road House
2360,The Golden Child
2361,Stuart Little
2362,Iron Man 2
2363,Milk
2364,The Chronicles of Narnia: The Voyage of the Dawn Treader
2365,Dirty Rotten Scoundrels
2366,Casualties of War
2367,The Little Mermaid
2368,The Forgotten
2369,Bad Santa
2370,Smoke
2371,Dumb and Dumberer: When Harry Met Lloyd
2372,Sphere
2373,Mickey Blue Eyes
2374,U Turn
2375,History of the World: Part I
2376,Police Academy 2: Their First Assignment
2377,White Men Can't Jump
2378,The Rundown
2379,A Nightmare on Elm Street: The Dream Child
2380,My Left Foot: The Story of Christy Brown
2381,Waking Ned
2382,The Lawnmower Man
2383,The Witches
2384,Half Past Dead
2385,Men at Work
2386,The Russia House
2387,Marked for Death
2388,The Caine Mutiny
2389,The Ice Pirates
2390,Frozen River
2391,He's Just Not That Into You
2392,The Midnight Meat Train
2393,The Rocker
2394,Swing Vote
2395,The Sisterhood of the Traveling Pants 2
2396,Pineapple Express
2397,How to Train Your Dragon
2398,Shrek Forever After
2399,Toy Story 3
2400,Thor
2401,The Last Airbender
2402,Nine
2403,The Princess and the Frog
2404,The Tale of Despereaux
2405,The Day the Earth Stood Still
2406,Yes Man
2407,Bedtime Stories
2408,Around the World in 80 Days
2409,Buffy the Vampire Slayer
2410,Message in a Bottle
2411,Muppets from Space
2412,Hideous Kinky
2413,A Midsummer Night's Dream
2414,Ravenous
2415,From Dusk Till Dawn 3: The Hangman's Daughter
2416,Son of the Mask
2417,Sliding Doors
2418,Species II
2419,The Sweet Hereafter
2420,Swingers
2421,Rounders
2422,Solo for Clarinet
2423,Kickboxer
2424,A Simple Plan
2425,Friday the 13th Part VI: Jason Lives
2426,High Tension
2427,Pokémon: The First Movie
2428,A Walk to Remember
2429,The Way We Were
2430,Porky's
2431,The Rocketeer
2432,Dragon Wars: D-War
2433,Tamara
2434,Hamlet
2435,Yentl
2436,What About Bob?
2437,Summer of Sam
2438,Thinner
2439,Friday the 13th Part VII: The New Blood
2440,Friday the 13th Part VIII: Jason Takes Manhattan
2441,Jason Goes to Hell: The Final Friday
2442,Fido
2443,Vacancy
2444,"Hush... Hush, Sweet Charlotte"
2445,The Jewel of the Nile
2446,Poltergeist III
2447,Stigmata
2448,Patch Adams
2449,The Men Who Stare at Goats
2450,She's All That
2451,Fantastic Mr. Fox
2452,The Ides of March
2453,Our Brand Is Crisis
2454,The Ring Two
2455,Clash of the Titans
2456,If Lucy Fell
2457,Forever Young
2458,"Legally Blonde 2: Red, White & Blonde"
2459,Cocoon
2460,Congo
2461,Freaky Friday
2462,Night of the Living Dead
2463,The Prince of Tides
2464,Spawn
2465,Bugsy
2466,Those Magnificent Men in Their Flying Machines or How I Flew from London to Paris in 25 Hours 11 Minutes
2467,Moby Dick
2468,Lady and the Tramp
2469,Teaching Mrs. Tingle
2470,The Fly II
2471,K-9
2472,The Dark Half
2473,Wishmaster
2474,The Visitors II: The Corridors of Time
2475,True Crime
2476,Volcano
2477,Zack and Miri Make a Porno
2478,Two Lovers
2479,Catch-22
2480,Universal Soldier: The Return
2481,Tea with Mussolini
2482,For Richer or Poorer
2483,D-Tox
2484,The Legend of 1900
2485,My Cousin Vinny
2486,Drop Dead Fred
2487,Lost Souls
2488,Supernova
2489,Hanging Up
2490,The Iron Giant
2491,The Limey
2492,The Eye
2493,For Love of the Game
2494,Bless the Child
2495,The Replacements
2496,Wolf
2497,Tequila Sunrise
2498,Angela's Ashes
2499,Double Jeopardy
2500,The Hurricane
2501,Deuce Bigalow: Male Gigolo
2502,The Player
2503,Raise the Red Lantern
2504,Encino Man
2505,Housesitter
2506,Strictly Ballroom
2507,The Distinguished Gentleman
2508,Romper Stomper
2509,Nowhere to Run
2510,The Mighty Ducks
2511,What Planet Are You From?
2512,Dragon: The Bruce Lee Story
2513,Jennifer Eight
2514,The Death and Life of Bobby Z
2515,Friday After Next
2516,Red Rock West
2517,Hackers
2518,War
2519,Mad Dog and Glory
2520,Chaplin
2521,The Age of Innocence
2522,The Muppet Christmas Carol
2523,Beethoven's 2nd
2524,Hocus Pocus
2525,Manhattan Murder Mystery
2526,So I Married an Axe Murderer
2527,Fearless
2528,Shadowlands
2529,No Escape
2530,Rapa Nui
2531,Get Carter
2532,"Corrina, Corrina"
2533,The Money Pit
2534,The Road to Wellville
2535,28 Days
2536,Next Friday
2537,The Basketball Diaries
2538,Factotum
2539,Hustle & Flow
2540,Driven
2541,Tin Cup
2542,Rules of Engagement
2543,Nurse Betty
2544,102 Dalmatians
2545,Death Race
2546,Ghost Dad
2547,Nim's Island
2548,Cujo
2549,Drop Dead Gorgeous
2550,Dead Calm
2551,Perfect Blue
2552,The Karate Kid Part III
2553,Bats
2554,Bitter Moon
2555,The Road to El Dorado
2556,The Man Without a Face
2557,The Andromeda Strain
2558,Castle in the Sky
2559,Marathon Man
2560,Itty Bitty Titty Committee
2561,Bride Wars
2562,W.
2563,Madagascar: Escape 2 Africa
2564,Sherlock Holmes
2565,Outlander
2566,Pocahontas
2567,Death and the Maiden
2568,The Scarlet Letter
2569,White Squall
2570,Spy Hard
2571,The Doors
2572,Passenger 57
2573,James and the Giant Peach
2574,Outland
2575,The Hunchback of Notre Dame
2576,The Crow: City of Angels
2577,The Arrival
2578,Hamlet
2579,Ballistic: Ecks vs. Sever
2580,Cat's Eye
2581,Shark Tale
2582,East Is East
2583,Frequency
2584,Center Stage
2585,Under Suspicion
2586,Where the Heart Is
2587,Dinosaur
2588,Small Time Crooks
2589,Boys and Girls
2590,Heaven
2591,Psycho II
2592,Dracula 2000
2593,Lemon Popsicle
2594,Child's Play
2595,The Ghost and the Darkness
2596,Police Academy 4: Citizens on Patrol
2597,The Cat in the Hat
2598,After the Sunset
2599,We Were Soldiers
2600,The Girl Next Door
2601,Hart's War
2602,Replicant
2603,Pinocchio
2604,Peter Pan
2605,George of the Jungle
2606,Zorba the Greek
2607,The Philadelphia Experiment
2608,Don't Be a Menace to South Central While Drinking Your Juice in the Hood
2609,Bob Roberts
2610,The Medallion
2611,Barbershop
2612,Pootie Tang
2613,Mr. Nice Guy
2614,Cradle 2 the Grave
2615,Mean Girls
2616,Taps
2617,Kangaroo Jack
2618,Veronica Guerin
2619,The Hunted
2620,In the Heat of the Night
2621,Friday
2622,Remember the Titans
2623,Futureworld
2624,Autumn in New York
2625,Godzilla 2000: Millennium
2626,The Unbearable Lightness of Being
2627,Tomcats
2628,Pay It Forward
2629,The Enforcer
2630,Sudden Impact
2631,The Dead Pool
2632,The Seven Year Itch
2633,Hair
2634,Gettysburg
2635,Howard the Duck
2636,It Could Happen to You
2637,You Don't Mess with the Zohan
2638,The Waterboy
2639,[REC]²
2640,The Strangers
2641,Deliverance
2642,Rollercoaster
2643,Airport
2644,Wall Street
2645,Mulan
2646,Frantic
2647,Halloween III: Season of the Witch
2648,Dirty Dancing: Havana Nights
2649,Bringing Down the House
2650,Iron Sky
2651,WALL·E
2652,Happiness
2653,Courage Under Fire
2654,Tigerland
2655,Hamlet
2656,Space Truckers
2657,Crazy/Beautiful
2658,Henry: Portrait of a Serial Killer
2659,Peter Pan
2660,The Chase
2661,Glitter
2662,Henry V
2663,The Squid and the Whale
2664,Daddy Day Care
2665,Envy
2666,French Connection II
2667,Far from Heaven
2668,The Jungle Book
2669,Looney Tunes: Back in Action
2670,Torque
2671,Elf
2672,Down with Love
2673,Bulletproof
2674,Firefox
2675,Wolfen
2676,Quick Change
2677,King Kong
2678,The Client
2679,The Alamo
2680,Escape from Alcatraz
2681,What a Girl Wants
2682,Anything Else
2683,Birth
2684,Confidence
2685,The Cooler
2686,The Outlaw Josey Wales
2687,St. Trinian's
2688,Toy Soldiers
2689,Police Story 2
2690,The Haunted Mansion
2691,Waitress
2692,The Comebacks
2693,Sydney White
2694,Made of Honor
2695,Without a Paddle
2696,Dr. T & the Women
2697,Quantum of Solace
2698,Private Benjamin
2699,Damien - Omen II
2700,The Final Conflict
2701,The Tuxedo
2702,Network
2703,Infernal Affairs
2704,Little Shop of Horrors
2705,The Man Who Wasn't There
2706,The Frighteners
2707,Overboard
2708,The Texas Chainsaw Massacre: The Beginning
2709,Basic
2710,Cabaret
2711,The Invisible Man
2712,The Abandoned
2713,The Party
2714,The One
2715,Sky Fighters
2716,Empire of the Wolves
2717,Dragon Hunters
2718,Showgirls
2719,Logan's Run
2720,King Ralph
2721,Staying Alive
2722,In & Out
2723,Dr. Dolittle 2
2724,Savage Grace
2725,Children of the Corn
2726,Matilda
2727,The Draughtsman's Contract
2728,Heartbreakers
2729,DuckTales: The Movie - Treasure of the Lost Lamp
2730,Cross of Iron
2731,After Hours
2732,The Tiger and the Snow
2733,The Purple Rose of Cairo
2734,Revolver
2735,Nixon
2736,Stakeout
2737,Steel Magnolias
2738,Maximum Risk
2739,Bounce
2740,Atlantis: The Lost Empire
2741,Joy Ride
2742,Switchback
2743,The Ref
2744,Shadow of the Vampire
2745,Muppet Treasure Island
2746,The Fabulous Baker Boys
2747,Quills
2748,Exit Wounds
2749,Saving Silverman
2750,I Love Trouble
2751,Avalon
2752,Sleeping Beauty
2753,The Unknown Woman
2754,Stripes
2755,May
2756,Pinocchio
2757,Surveillance
2758,The Man with One Red Shoe
2759,Pet Sematary II
2760,The Adventures of Robin Hood
2761,Kalifornia
2762,The Guns of Navarone
2763,Undertaking Betty
2764,The Human Stain
2765,Agent Cody Banks
2766,The Return of the Living Dead
2767,Willard
2768,Under the Tuscan Sun
2769,Heaven's Gate
2770,Barfly
2771,In the Cut
2772,Jumpin' Jack Flash
2773,Earth
2774,High School Musical
2775,The Fox and the Hound
2776,I Am Sam
2777,New Jack City
2778,Ripley's Game
2779,Joe Dirt
2780,The Black Cauldron
2781,Silent Movie
2782,Session 9
2783,Armour of God
2784,Operation Condor
2785,Hoodwinked!
2786,Valentine
2787,The New Guy
2788,Halloween: The Curse of Michael Myers
2789,Diabolique
2790,Mulholland Falls
2791,Pokémon 3: The Movie
2792,Cats & Dogs
2793,White Oleander
2794,Stuart Little 2
2795,Farewell My Concubine
2796,Fatal Attraction
2797,Commando
2798,The Birdcage
2799,Blue Streak
2800,The Wedding Singer
2801,Wonder Boys
2802,Awakenings
2803,Smokey and the Bandit
2804,Cheaper by the Dozen
2805,Saturday Night Fever
2806,The Postman
2807,Ri¢hie Ri¢h
2808,Damage
2809,Secretary
2810,The Relic
2811,Billy Madison
2812,Year of the Dragon
2813,Deep Blue
2814,Narc
2815,Thirteen
2816,Scooby-Doo 2: Monsters Unleashed
2817,New York Minute
2818,Exorcist: The Beginning
2819,The Postman Always Rings Twice
2820,This Is Spinal Tap
2821,Dressed to Kill
2822,The Great Gatsby
2823,The Notebook
2824,Iron Eagle
2825,Tough Guys
2826,Little Big Man
2827,The Barbarian Invasions
2828,Arizona Dream
2829,Taxi
2830,Where Eagles Dare
2831,Interstella 5555: The 5tory of the 5ecret 5tar 5ystem
2832,Terms of Endearment
2833,The Last Temptation of Christ
2834,Yu-Gi-Oh! The Movie
2835,Hairspray
2836,Darkness
2837,Godsend
2838,House of the Dead
2839,Internal Affairs
2840,City Hall
2841,Brewster's Millions
2842,Boomerang
2843,Major League II
2844,Blazing Saddles
2845,Audition
2846,Fly Away Home
2847,Problem Child
2848,Taking Lives
2849,Mutiny on the Bounty
2850,The Majestic
2851,The Hand That Rocks the Cradle
2852,Heist
2853,The Animal
2854,Riding in Cars with Boys
2855,Presumed Innocent
2856,House of Sand and Fog
2857,Hide and Seek
2858,Eddie
2859,Vera Drake
2860,The Associate
2861,My Fair Lady
2862,The Mosquito Coast
2863,Tess
2864,Earthquake
2865,Ladder 49
2866,Human Traffic
2867,The Princess Diaries 2: Royal Engagement
2868,Confessions of a Teenage Drama Queen
2869,Poltergeist II: The Other Side
2870,Police Story 3: Super Cop
2871,The Rescuers Down Under
2872,Laws of Attraction
2873,The Electric Horseman
2874,The Ruins
2875,National Lampoon's Vacation
2876,She-Devil
2877,"Honey, I Blew Up the Kid"
2878,Secrets & Lies
2879,The Merchant of Venice
2880,Tora! Tora! Tora!
2881,Peeping Tom
2882,Spartan
2883,We Are Marshall
2884,Mysterious Skin
2885,Music and Lyrics
2886,The Muppet Movie
2887,Mask
2888,Kinsey
2889,"See No Evil, Hear No Evil"
2890,Child's Play 2
2891,Child's Play 3
2892,Mystic Pizza
2893,Stealing Rembrandt
2894,Wild Hogs
2895,Patton
2896,Wait Until Dark
2897,Wicker Park
2898,The Alamo
2899,Baby's Day Out
2900,Baby Boom
2901,Cinema Paradiso
2902,Club Dread
2903,The Trouble with Harry
2904,Best Defense
2905,Cinderella
2906,Angel-A
2907,Daylight
2908,Freeway
2909,The Next Karate Kid
2910,Kate & Leopold
2911,Local Hero
2912,The Secret Garden
2913,Anacondas: The Hunt for the Blood Orchid
2914,My Beautiful Laundrette
2915,The Care Bears Movie
2916,The Meteor Man
2917,A Cinderella Story
2918,Seed of Chucky
2919,Psycho
2920,Hellboy II: The Golden Army
2921,A Room with a View
2922,Hard Rain
2923,Far and Away
2924,Meet Dave
2925,Halloween II
2926,Harold & Kumar Go to White Castle
2927,Nanny McPhee
2928,Freddy's Dead: The Final Nightmare
2929,Cocoon: The Return
2930,The Cannonball Run
2931,A League of Their Own
2932,Paper Moon
2933,Birdy
2934,The Howling
2935,Bananas
2936,Mystery Train
2937,Extreme Measures
2938,The World According to Garp
2939,The Hotel New Hampshire
2940,Hardware
2941,City Slickers II: The Legend of Curly's Gold
2942,Hearts in Atlantis
2943,Koyaanisqatsi
2944,Macbeth
2945,The Rescuers
2946,Seven Pounds
2947,Public Enemies
2948,The Informant!
2949,Shutter Island
2950,Tommy
2951,Midnight Express
2952,Runaway Jury
2953,Popeye
2954,The Dead Zone
2955,Stardust Memories
2956,Into the Night
2957,Warlock
2958,The Zodiac
2959,The Lair of the White Worm
2960,Fragile
2961,Cape Fear
2962,Jeepers Creepers 2
2963,Always
2964,Bowfinger
2965,The Upside of Anger
2966,Never Been Kissed
2967,The Odd Couple
2968,Halloween 4: The Return of Michael Myers
2969,Walking Tall
2970,The Indian in the Cupboard
2971,Dumbo
2972,Halloween 5: The Revenge of Michael Myers
2973,The Count of Monte Cristo
2974,She's the One
2975,Regarding Henry
2976,Wilde
2977,Blood Simple
2978,The Musketeer
2979,The Score
2980,EDtv
2981,Hollywood Homicide
2982,House on Haunted Hill
2983,The Adventures of Buckaroo Banzai Across the 8th Dimension
2984,Bones
2985,Tommy Boy
2986,The Hard Way
2987,The Crying Game
2988,The Natural
2989,The Santa Clause
2990,Not Another Teen Movie
2991,The Art of War
2992,The New World
2993,Superman IV: The Quest for Peace
2994,The Long Kiss Goodnight
2995,House
2996,The Mission
2997,National Lampoon's European Vacation
2998,Vegas Vacation
2999,Midway
3000,Memories of Murder
3001,High Society
3002,From Here to Eternity
3003,Dead End
3004,Sleepwalkers
3005,Fever Pitch
3006,The Ghost Writer
3007,Halloween: Resurrection
3008,Dead Presidents
3009,Welcome to the Dollhouse
3010,Mighty Aphrodite
3011,The Amityville Horror
3012,Quiz Show
3013,Herbie Fully Loaded
3014,National Lampoon's Van Wilder
3015,Deuce Bigalow: European Gigolo
3016,Manhunter
3017,Domestic Disturbance
3018,People I Know
3019,Sky High
3020,Red Eye
3021,Suspicion
3022,Great Balls of Fire!
3023,America's Sweethearts
3024,The Salton Sea
3025,Black Knight
3026,Jason X
3027,Nine Months
3028,The Warriors
3029,The Skulls
3030,Repulsion
3031,Pirates
3032,Rollerball
3033,Firestarter
3034,All Dogs Go to Heaven
3035,Frost/Nixon
3036,The Serpent and the Rainbow
3037,Suburban Commando
3038,Body Double
3039,Silverado
3040,Kazaam
3041,Goya's Ghosts
3042,Winged Migration
3043,Money Train
3044,Mohabbatein
3045,1941
3046,Grumpy Old Men
3047,Little Man Tate
3048,Pretty in Pink
3049,View from the Top
3050,Thief
3051,Lawnmower Man 2: Beyond Cyberspace
3052,Excalibur
3053,The Sandlot
3054,Sweet Home Alabama
3055,Book of Shadows: Blair Witch 2
3056,Jason and the Argonauts
3057,Rollerball
3058,The Misfits
3059,The Year of Living Dangerously
3060,Altered States
3061,Kingpin
3062,Lilo & Stitch
3063,Rushmore
3064,Police Academy: Mission to Moscow
3065,Cabin Fever
3066,*batteries not included
3067,Invasion of the Body Snatchers
3068,Small Soldiers
3069,Silver Streak
3070,Tideland
3071,High Crimes
3072,Sleeper
3073,Crimes and Misdemeanors
3074,Big Momma's House 2
3075,Dave
3076,Blues Brothers 2000
3077,Hellraiser III: Hell on Earth
3078,Journey to the Center of the Earth
3079,The Great Race
3080,"It's a Mad, Mad, Mad, Mad World"
3081,Pat Garrett & Billy the Kid
3082,Roxanne
3083,Exorcist II: The Heretic
3084,The Exorcist III
3085,The I Inside
3086,Kelly's Heroes
3087,Slap Shot
3088,Serial Mom
3089,Nobody's Fool
3090,Another 48 Hrs.
3091,New Nightmare
3092,Toys
3093,Redacted
3094,Stir of Echoes
3095,DeepStar Six
3096,Yellowbeard
3097,The Life of David Gale
3098,The Haunting
3099,Flushed Away
3100,Quo Vadis
3101,Blast from the Past
3102,Everything You Always Wanted to Know About Sex *But Were Afraid to Ask
3103,Mamma Mia!
3104,Vanity Fair
3105,Appleseed
3106,Old School
3107,New Police Story
3108,Are We There Yet?
3109,Guess Who
3110,The Dark Crystal
3111,Blow Out
3112,Ran
3113,Gallipoli
3114,Infernal Affairs II
3115,Must Love Dogs
3116,Masters of the Universe
3117,Invincible
3118,The Myth
3119,The Hunger
3120,Following
3121,Joyeux Noel
3122,Casshern
3123,The Commitments
3124,Get Smart
3125,Street Fighter
3126,Elegy
3127,101 Dalmatians
3128,Halloween H20: 20 Years Later
3129,Nothing to Lose
3130,Vertical Limit
3131,xXx: State of the Union
3132,Land of the Dead
3133,Love and Death
3134,The Visitors
3135,The Emperor's New Groove
3136,Bloodsport
3137,The Adventures of Pluto Nash
3138,The Man Who Shot Liberty Valance
3139,Bad Lieutenant: Port of Call - New Orleans
3140,The Replacement Killers
3141,Kiss of the Spider Woman
3142,The Secret of NIMH
3143,War and Peace
3144,Chitty Chitty Bang Bang
3145,Fist of Fury
3146,Shaolin Soccer
3147,Village of the Damned
3148,Lemony Snicket's A Series of Unfortunate Events
3149,Intolerable Cruelty
3150,I.Q.
3151,The Deer Hunter
3152,Rob Roy
3153,Fright Night
3154,This Is England
3155,Naked in New York
3156,Space Chimps
3157,White Noise
3158,Jab We Met
3159,U.S. Marshals
3160,Leprechaun
3161,The Sweetest Thing
3162,Weird Science
3163,The Fly
3164,On Golden Pond
3165,Bulletproof Monk
3166,Mona Lisa Smile
3167,Doc Hollywood
3168,Wimbledon
3169,Teen Wolf
3170,Police Academy 5: Assignment Miami Beach
3171,Heavy Metal
3172,Amistad
3173,Jabberwocky
3174,Death Sentence
3175,The SpongeBob SquarePants Movie
3176,Watership Down
3177,Ju-on: The Grudge
3178,The Return of the Pink Panther
3179,Father of the Bride
3180,The Accidental Spy
3181,Dungeons & Dragons
3182,Invasion of the Body Snatchers
3183,The Hot Chick
3184,Kuch Kuch Hota Hai
3185,Air America
3186,Orange County
3187,Renaissance Man
3188,Fair Game
3189,Sabrina
3190,How to Make an American Quilt
3191,Jade
3192,Enemy Mine
3193,Flight of the Phoenix
3194,Barb Wire
3195,Dracula
3196,Big Fat Liar
3197,The Color of Money
3198,The Horseman on the Roof
3199,Near Dark
3200,Dog Soldiers
3201,Miracle on 34th Street
3202,The Last Starfighter
3203,Robin Hood
3204,High School Musical 3: Senior Year
3205,Snow Dogs
3206,Iris
3207,Oscar
3208,Kung Pow: Enter the Fist
3209,Murder by Numbers
3210,Runaway Train
3211,Police Academy 6: City Under Siege
3212,Throw Momma from the Train
3213,How the West Was Won
3214,The Muppets Take Manhattan
3215,High Plains Drifter
3216,Young Sherlock Holmes
3217,The Company of Wolves
3218,Hatchet
3219,Two Mules for Sister Sara
3220,Saw V
3221,Superhero Movie
3222,Naked
3223,Tetro
3224,Dolores Claiborne
3225,Bride of Chucky
3226,Nothing but Trouble
3227,The Hudsucker Proxy
3228,Capricorn One
3229,The Gods Must Be Crazy II
3230,Sinbad and the Eye of the Tiger
3231,Bring Me the Head of Alfredo Garcia
3232,Jeremiah Johnson
3233,Cannonball Run II
3234,Vanishing Point
3235,Kagemusha
3236,Lifeforce
3237,UHF
3238,Joe's Apartment
3239,Three Days of the Condor
3240,Short Circuit 2
3241,Young Guns
3242,Into the Blue
3243,Tombstone
3244,Hercules
3245,Much Ado About Nothing
3246,Thirteen Days
3247,The 'Burbs
3248,The Rainmaker
3249,Legend
3250,Caddyshack
3251,Men of Honor
3252,Queen of the Damned
3253,The Prophecy
3254,Look Who's Talking Now!
3255,Machuca
3256,Fortress
3257,Just Married
3258,Alice in Wonderland
3259,Lilya 4-ever
3260,Jackass Number Two
3261,From Dusk Till Dawn 2: Texas Blood Money
3262,The Pink Panther
3263,Windtalkers
3264,Kramer vs. Kramer
3265,Don't Say a Word
3266,Pink Floyd: The Wall
3267,Yellow Submarine
3268,The Quick and the Dead
3269,Nutty Professor II: The Klumps
3270,It's All Gone Pete Tong
3271,Dracula: Dead and Loving It
3272,Body of Lies
3273,Instinct
3274,Police Academy 3: Back in Training
3275,My Stepmother Is an Alien
3276,Made in America
3277,Village of the Damned
3278,Chain Reaction
3279,Night of the Living Dorks
3280,Step Brothers
3281,The Crocodiles
3282,3000 Miles to Graceland
3283,Dennis the Menace
3284,Alone in the Dark
3285,Bad Lieutenant
3286,The Land Before Time
3287,Fierce Creatures
3288,The Missing
3289,Frailty
3290,Sea of Love
3291,Ruthless People
3292,White Chicks
3293,3 Men and a Baby
3294,Alice in Wonderland
3295,Green Card
3296,Vampire in Brooklyn
3297,What Dreams May Come
3298,Wyatt Earp
3299,The Hurt Locker
3300,The Wrestler
3301,The Burning Plain
3302,The First Day of the Rest of Your Life
3303,The Deaths of Ian Stone
3304,The Love Guru
3305,Star Wars: The Clone Wars
3306,Nick and Norah's Infinite Playlist
3307,The Other Boleyn Girl
3308,Heaven Can Wait
3309,Four Christmases
3310,Edge of Darkness
3311,Dark Water
3312,The Legend of Drunken Master
3313,Casino Royale
3314,Highlander: Endgame
3315,Urban Legends: Final Cut
3316,The Story of Us
3317,Horton Hears a Who!
3318,The Stepford Wives
3319,White Fang
3320,Inside Deep Throat
3321,The Acid House
3322,One Hundred and One Dalmatians
3323,Oliver & Company
3324,Jagged Edge
3325,Speed Zone
3326,The Night Flier
3327,Curdled
3328,9
3329,Mongol: The Rise of Genghis Khan
3330,Shotgun Stories
3331,Mo' Money
3332,Biker Boyz
3333,Home Fries
3334,Sholay
3335,The Hills Have Eyes
3336,The Pink Panther Strikes Again
3337,Factory Girl
3338,Singh Is Kinng
3339,Kuselan
3340,Undercover Brother
3341,Soul Man
3342,Spy Kids 3-D: Game Over
3343,The Paper
3344,Mean Creek
3345,Red Cliff
3346,Bachelor Party
3347,Mutiny on the Bounty
3348,Joe Somebody
3349,Bedknobs and Broomsticks
3350,A Perfect Getaway
3351,Me and Orson Welles
3352,Slumdog Millionaire
3353,Miracle at St. Anna
3354,Ponyo
3355,The Nanny Diaries
3356,Underworld: Rise of the Lycans
3357,Harry Potter and the Deathly Hallows: Part 1
3358,Harry Potter and the Deathly Hallows: Part 2
3359,All or Nothing
3360,The Visitor
3361,The Hidden
3362,Grave of the Fireflies
3363,Skin Deep
3364,Riding the Bullet
3365,The Forsaken
3366,The Gingerbread Man
3367,Gridlock'd
3368,The Twilight Samurai
3369,Sling Blade
3370,Fathers' Day
3371,American Ninja
3372,Silkwood
3373,Cry Freedom
3374,Rock Star
3375,Pollock
3376,Dreams
3377,Honeymoon in Vegas
3378,Shocker
3379,Bug
3380,High Anxiety
3381,Belly of the Beast
3382,Jesus Christ Superstar
3383,Shadows in the Sun
3384,Ghosts of Girlfriends Past
3385,The Big Chill
3386,Godzilla vs. Destoroyah
3387,Brideshead Revisited
3388,Extract
3389,"New York, I Love You"
3390,A Serious Man
3391,Cop & ½
3392,Bella
3393,Jimmy Neutron: Boy Genius
3394,Below
3395,Fritz the Cat
3396,Pushing Tin
3397,Pokémon the Movie 2000
3398,A Very Brady Sequel
3399,Help! I'm a Fish
3400,Osmosis Jones
3401,The Fury
3402,Victor/Victoria
3403,One Night Stand
3404,Random Hearts
3405,The House Bunny
3406,Hamlet 2
3407,Broadcast News
3408,Playing God
3409,Pippi Longstocking
3410,The Star Chamber
3411,The Big Bounce
3412,Godzilla Against MechaGodzilla
3413,"New York, New York"
3414,Inhale
3415,Billy Bathgate
3416,Romasanta: The Werewolf Hunt
3417,Soul Plane
3418,Someone Like You...
3419,Psycho III
3420,Red Scorpion
3421,Powder
3422,Appaloosa
3423,Dominion: Prequel to The Exorcist
3424,Revolution
3425,Ishtar
3426,Smokey and the Bandit II
3427,Orca
3428,Ridicule
3429,She's Having a Baby
3430,Firewalker
3431,Broadway Danny Rose
3432,Take the Lead
3433,Missing in Action 2: The Beginning
3434,Cold Creek Manor
3435,Stealing Harvard
3436,Serving Sara
3437,Leap of Faith
3438,Flesh + Blood
3439,Swept Away
3440,Iron Monkey
3441,The Charlemagne Code
3442,The Duchess
3443,Another Gay Movie
3444,Ghost Town
3445,Alpha and Omega
3446,Leaves of Grass
3447,The Secret Life of Bees
3448,Belly
3449,Smart People
3450,No End in Sight
3451,Can't Buy Me Love
3452,Strange Brew
3453,Stargate: The Ark of Truth
3454,Split Second
3455,Deception
3456,Rogue
3457,Diary of the Dead
3458,Eagle Eye
3459,Max Payne
3460,Bolt
3461,Punisher: War Zone
3462,The Signal
3463,Airborne
3464,In the Land of Women
3465,Brooklyn Rules
3466,Sherrybaby
3467,Sunshine Cleaning
3468,How to Lose Friends & Alienate People
3469,Teeth
3470,The People Under the Stairs
3471,All the Real Girls
3472,Strangers with Candy
3473,Pride and Glory
3474,Rapid Fire
3475,Showdown in Little Tokyo
3476,Return to Oz
3477,Aqua Teen Hunger Force Colon Movie Film for Theaters
3478,Georgia Rule
3479,Big Stan
3480,Freddy Got Fingered
3481,The Boys & Girls Guide to Getting Down
3482,The Ten
3483,Battle in Seattle
3484,Watchmen
3485,Bangkok Dangerous
3486,Kidulthood
3487,"War, Inc."
3488,Moonwalker
3489,Saved!
3490,Flawless
3491,10th & Wolf
3492,American Me
3493,Friday the 13th
3494,Gran Torino
3495,FernGully: The Last Rainforest
3496,Meet Bill
3497,Atanarjuat: The Fast Runner
3498,Seraphim Falls
3499,The Walker
3500,Cleaner
3501,Mutant Chronicles
3502,Mr. Woodcock
3503,Son of Rambow
3504,Semi-Pro
3505,Annapolis
3506,Lakeview Terrace
3507,Death Race 2000
3508,Traitor
3509,Let the Right One In
3510,Inside
3511,The Aerial
3512,Lifeboat
3513,Wolfhound of the Grey Dog Clan
3514,Harold & Kumar Escape from Guantanamo Bay
3515,Three O'Clock High
3516,Bad News Bears
3517,Fast Times at Ridgemont High
3518,Lucas
3519,Expelled: No Intelligence Allowed
3520,Highlander: The Source
3521,Taxi to the Dark Side
3522,Empire
3523,A Mighty Wind
3524,Sex Lives of the Potato Men
3525,Millions
3526,Ice Princess
3527,Transporter 3
3528,Righteous Kill
3529,Hedwig and the Angry Inch
3530,The Children of Huang Shi
3531,The Wash
3532,Malibu's Most Wanted
3533,Friday Night Lights
3534,Japanese Story
3535,Antwone Fisher
3536,Angels & Demons
3537,Push
3538,Doomsday
3539,October Sky
3540,P2
3541,Star Trek
3542,Win a Date with Tad Hamilton!
3543,When in Rome
3544,The Milagro Beanfield War
3545,Awake
3546,The Foot Fist Way
3547,Welcome Home Roscoe Jenkins
3548,College Road Trip
3549,Captain Alatriste: The Spanish Musketeer
3550,American Outlaws
3551,Drumline
3552,Man of the House
3553,"Yours, Mine & Ours"
3554,The Good Night
3555,Texas Rangers
3556,Admiral
3557,Who Killed the Electric Car?
3558,The Monster Squad
3559,Eden Lake
3560,Mirrors
3561,Sex Drive
3562,Battle of the Bulge
3563,The Weight of Water
3564,Empire Records
3565,Fanboys
3566,City by the Sea
3567,Shattered Glass
3568,Here on Earth
3569,The Changeling
3570,The Doom Generation
3571,Eight Men Out
3572,My Man Godfrey
3573,Sleepaway Camp
3574,True Colors
3575,Twisted
3576,This Is It
3577,The Longshots
3578,Airheads
3579,My Best Friend's Girl
3580,Labyrinth
3581,City of Ember
3582,Katyn
3583,One Way Passage
3584,Mesrine: Killer Instinct
3585,Sukiyaki Western Django
3586,"Moscow, Belgium"
3587,Arthur
3588,Catch and Release
3589,Christmas in Connecticut
3590,JCVD
3591,The Game Plan
3592,Places in the Heart
3593,Pooh's Heffalump Movie
3594,Bottle Rocket
3595,CJ7
3596,Piglet's Big Movie
3597,Gung Ho
3598,Home on the Range
3599,A Dirty Shame
3600,Less Than Zero
3601,At Close Range
3602,Locked Out
3603,Modern Love
3604,Akeelah and the Bee
3605,Purple Rain
3606,Santa Claus: The Movie
3607,SpaceCamp
3608,The Santa Clause 3: The Escape Clause
3609,Tuck Everlasting
3610,Diner
3611,Breaker Morant
3612,Holy Smoke
3613,The Unborn
3614,Amusement
3615,Fast & Furious
3616,Disaster Movie
3617,RocknRolla
3618,Knowing
3619,Quarantine
3620,Defiance
3621,Fresh
3622,Heartburn
3623,Repo Man
3624,The Power of One
3625,Superstar
3626,The Lazarus Project
3627,"Surfer, Dude"
3628,Race to Witch Mountain
3629,Rad
3630,Stuck
3631,Song of the South
3632,The Castle
3633,The Clan of the Cave Bear
3634,Special
3635,Sweeney Todd: The Demon Barber of Fleet Street
3636,Return to the Blue Lagoon
3637,Madadayo
3638,Citizen Ruth
3639,The Master of Disguise
3640,She Wore a Yellow Ribbon
3641,Death Defying Acts
3642,The Chumscrubber
3643,Radio
3644,The Great Raid
3645,Tin Toy
3646,Raising Cain
3647,The Last Dragon
3648,Death Wish
3649,The Alphabet Killer
3650,Passengers
3651,The Sword and the Sorcerer
3652,An American Carol
3653,All About the Benjamins
3654,Fly Me to the Moon
3655,Call Girl
3656,ATL
3657,Blank Check
3658,The Man From Snowy River II
3659,Miss Potter
3660,Wild Child
3661,The Women
3662,Choke
3663,8 Heads in a Duffel Bag
3664,Finishing the Game: The Search for a New Bruce Lee
3665,Dil To Pagal Hai
3666,The Wackness
3667,College
3668,Bottle Shock
3669,Black Sheep
3670,Dead Silence
3671,Justice League: The New Frontier
3672,Flicka
3673,BASEketball
3674,Slacker
3675,Raise Your Voice
3676,"Hello, Dolly!"
3677,Soul Survivors
3678,What's the Worst That Could Happen?
3679,Nancy Drew
3680,Assembly
3681,The Great Debaters
3682,Snow Buddies
3683,.45
3684,Adrift in Manhattan
3685,Ten Canoes
3686,Ten 'til Noon
3687,Ghajini
3688,Dostana
3689,Jodhaa Akbar
3690,9th Company
3691,100 Feet
3692,Auto Focus
3693,Zoom
3694,You Got Served
3695,End of the Spear
3696,Bratz
3697,Captivity
3698,Beer League
3699,Black Water
3700,Timecrimes
3701,Daddy Day Camp
3702,The Flock
3703,Impulse
3704,Up
3705,2012
3706,Chak De! India
3707,Dragonball Evolution
3708,Ta Ra Rum Pum
3709,Standing Still
3710,Funny Farm
3711,Home of the Brave
3712,Wake of Death
3713,Valiant
3714,Beauty Shop
3715,Boiler Room
3716,Aquamarine
3717,Dhoom 2
3718,The Adventures of Sharkboy and Lavagirl
3719,The Painted Veil
3720,Strange Wilderness
3721,Wind Chill
3722,Riding Alone for Thousands of Miles
3723,Cool World
3724,Maniac Cop
3725,Igor
3726,Winter Passing
3727,Beyond the Mat
3728,Hoop Dreams
3729,Murderball
3730,The Red Violin
3731,Fire Down Below
3732,Better Luck Tomorrow
3733,Searching for Bobby Fischer
3734,Miracle
3735,Poolhall Junkies
3736,Cadillac Records
3737,Marley & Me
3738,Infernal Affairs III
3739,Virgin Territory
3740,The Express
3741,Nights in Rodanthe
3742,Trojan War
3743,The Secret of Roan Inish
3744,Primer
3745,Almost Heroes
3746,Blame It on Rio
3747,Crossover
3748,Repo! The Genetic Opera
3749,Mad Hot Ballroom
3750,Doubt
3751,Captain Ron
3752,Out for Justice
3753,Killing Me Softly
3754,Adventures in Babysitting
3755,Out Cold
3756,Real Genius
3757,Leviathan
3758,Death Wish II
3759,Romanzo Criminale
3760,Sarkar Raj
3761,Kabhi Alvida Naa Kehna
3762,Code Name: The Cleaner
3763,Whisper
3764,The Heir Apparent: Largo Winch
3765,Beverly Hills Chihuahua
3766,Me Two
3767,Sinbad: Legend of the Seven Seas
3768,Body Heat
3769,First Sunday
3770,Sex and Death 101
3771,PCU
3772,Drive Me Crazy
3773,Zulu
3774,I Think I Love My Wife
3775,My Bloody Valentine
3776,Fireproof
3777,Ella Enchanted
3778,The Garbage Pail Kids Movie
3779,The Rugrats Movie
3780,Dead Snow
3781,When the Last Sword Is Drawn
3782,Battle Beyond the Stars
3783,The Manchurian Candidate
3784,Hot Pursuit
3785,Jaane Tu... Ya Jaane Na
3786,The Oh in Ohio
3787,Used Cars
3788,Mio in the Land of Faraway
3789,The Adventures of Baron Munchausen
3790,From Beyond
3791,MirrorMask
3792,Foolproof
3793,Rudy
3794,New in Town
3795,Golmaal Returns
3796,The Dream Team
3797,Stealing Beauty
3798,Bad Day at Black Rock
3799,Dead Man on Campus
3800,Paul Blart: Mall Cop
3801,Rings
3802,Gymkata
3803,The Boy in the Striped Pyjamas
3804,Outside Providence
3805,In the Company of Men
3806,After the Thin Man
3807,Another Thin Man
3808,Shadow of the Thin Man
3809,The Thin Man Goes Home
3810,Song of the Thin Man
3811,Kuffs
3812,Fury
3813,Lean On Me
3814,Thunderbirds
3815,Fletch Lives
3816,Woman on Top
3817,The Work and the Glory II: American Zion
3818,The Rookie
3819,The Condemned
3820,Nothing But the Truth
3821,Happily Ever After
3822,Soul Men
3823,Slums of Beverly Hills
3824,Sharky's Machine
3825,Yonkers Joe
3826,'Round Midnight
3827,Crackerjack
3828,Savage Streets
3829,The Awful Truth
3830,School Ties
3831,Change of Plans
3832,Hawaii
3833,Havoc
3834,"Suddenly, Last Summer"
3835,The Night of the Iguana
3836,Donkey X
3837,The Long Riders
3838,Love & Basketball
3839,Night Shift
3840,Streets of Fire
3841,Dil Chahta Hai
3842,Ip Man
3843,Osama
3844,The Fall
3845,Bubble
3846,if....
3847,Warriors of Heaven and Earth
3848,For Your Consideration
3849,Bait
3850,Stark Raving Mad
3851,Fiddler on the Roof
3852,Mickey's Christmas Carol
3853,The Wind and the Lion
3854,Good Burger
3855,Heavyweights
3856,Coraline
3857,Forty Guns
3858,Blue Collar
3859,The Shadow Play
3860,Chasing Liberty
3861,Little Black Book
3862,Lone Wolf McQuade
3863,G.I. Joe: The Rise of Cobra
3864,The Jungle Book 2
3865,The Last Detail
3866,The Great Muppet Caper
3867,1776
3868,Welcome to Sarajevo
3869,Boogeyman 2
3870,Batman: Mask of the Phantasm
3871,Sid and Nancy
3872,Uptown Girls
3873,Welcome to Dongmakgol
3874,One Night with the King
3875,I Could Never Be Your Woman
3876,Clockstoppers
3877,The Whoopee Boys
3878,Fire and Ice
3879,Can't Hardly Wait
3880,Fat Albert
3881,Bon Cop Bad Cop
3882,Brainstorm
3883,Undisputed
3884,Extreme Ops
3885,Fighter Pilot: Operation Red Flag
3886,Crank: High Voltage
3887,Smokey and the Bandit Part 3
3888,The Sound of Music
3889,Love Stinks
3890,Evangelion: 1.0 You Are (Not) Alone
3891,Little Monsters
3892,The Pagemaster
3893,Sixteen Candles
3894,"OSS 117: Cairo, Nest of Spies"
3895,Phantasm II
3896,The Pink Panther 2
3897,Buddy
3898,Jonah: A VeggieTales Movie
3899,Full Frontal
3900,Hotel for Dogs
3901,The Grey Zone
3902,Clue
3903,"Mystery, Alaska"
3904,The Mother of Tears
3905,Bathory: Countess of Blood
3906,Everyone's Hero
3907,De-Lovely
3908,The Toxic Avenger
3909,Undisputed II: Last Man Standing
3910,200 Cigarettes
3911,Breakin'
3912,Boogeyman 3
3913,McLintock!
3914,Street Fighter: The Legend of Chun-Li
3915,CB4
3916,Newsies
3917,Twilight Zone: The Movie
3918,The Jazz Singer
3919,Mini's First Time
3920,District 13: Ultimatum
3921,Mesrine: Public Enemy #1
3922,Lupin the Third: The Castle of Cagliostro
3923,Role Models
3924,Missing in Action
3925,Red Cliff II
3926,Cosy Dens
3927,Metropolitan
3928,Play Misty for Me
3929,Owning Mahowny
3930,Love Liza
3931,The Notorious Bettie Page
3932,Don't Tell Mom the Babysitter's Dead
3933,Every Which Way but Loose
3934,Snoop Dogg's Hood of Horror
3935,Seed
3936,Tyler Perry's The Family That Preys
3937,Kismat Konnection
3938,The Girl with the Dragon Tattoo
3939,The Card Player
3940,The Greatest Game Ever Played
3941,Snow Day
3942,The Pirates Who Don't Do Anything: A VeggieTales Movie
3943,Monsters vs Aliens
3944,Surviving Christmas
3945,Gracie
3946,The Cowboys
3947,Crossing Over
3948,Who's Your Caddy?
3949,Teen Wolf Too
3950,OSS 117: Lost in Rio
3951,Beaches
3952,Back to School
3953,Grumpier Old Men
3954,Fat Pizza
3955,Fire in the Sky
3956,Private Valentine: Blonde & Dangerous
3957,Conversations with Other Women
3958,Paparazzi
3959,Kissing Jessica Stein
3960,The Tigger Movie
3961,Foul Play
3962,Mommie Dearest
3963,Xanadu
3964,Madea Goes to Jail
3965,Connie and Carla
3966,Nobel Son
3967,Doctor Who
3968,Jailhouse Rock
3969,Opal Dream
3970,Latter Days
3971,The Man from Elysian Fields
3972,The Big Kahuna
3973,Boy Culture
3974,Annie
3975,Made
3976,While She Was Out
3977,Company
3978,Night of the Creeps
3979,Sophie's Choice
3980,What's Love Got to Do with It
3981,Godzilla: Final Wars
3982,Guru
3983,Swades
3984,If Only
3985,Cherry 2000
3986,The Bellboy
3987,A Goofy Movie
3988,White Heat
3989,Only the Strong
3990,Bachna Ae Haseeno
3991,Interiors
3992,Donovan's Reef
3993,Fishtales
3994,Duma
3995,Devdas
3996,Marty
3997,A Passage to India
3998,The Shaggy Dog
3999,Oye Lucky! Lucky Oye!
4000,The Bubble
4001,Dev.D
4002,Phoonk
4003,Raaz: The Mystery Continues...
4004,Invasion U.S.A.
4005,Abandon
4006,Death Note
4007,They
4008,The Lost Treasure of the Knights Templar
4009,Selena
4010,Gods and Generals
4011,Doctor Dolittle
4012,Funny Girl
4013,House Party
4014,Thomas and the Magic Railroad
4015,The Adventures of Elmo in Grouchland
4016,The Delta Force
4017,The Big Red One
4018,Goodbye Pork Pie
4019,Last Night
4020,Juice
4021,Death Note: The Last Name
4022,Zero Effect
4023,Alice Doesn't Live Here Anymore
4024,Safe Men
4025,The Wood
4026,Baby Boy
4027,The Best Man
4028,Simply Irresistible
4029,The Riddle
4030,Diary of a Mad Black Woman
4031,Highway to Hell
4032,Hooper
4033,Wizards
4034,Dororo
4035,Whatever It Takes
4036,Dark Passage
4037,Mr. 3000
4038,Amityville II: The Possession
4039,The Boys from Brazil
4040,Gone in 60 Seconds
4041,D.A.R.Y.L.
4042,Career Opportunities
4043,Creepshow
4044,Saawariya
4045,Creepshow 2
4046,Jackass 3D
4047,Ripple Effect
4048,Higher Learning
4049,Killer Klowns from Outer Space
4050,The Stupids
4051,Down to Earth
4052,Sullivan's Travels
4053,The Wicker Man
4054,3 Ninjas
4055,Serenity
4056,The Rose
4057,The Texas Chainsaw Massacre 2
4058,Rugrats in Paris: The Movie
4059,Luck by Chance
4060,Billu
4061,Ong Bak 2
4062,Eulogy
4063,The Best Little Whorehouse in Texas
4064,Kinky Boots
4065,The Mod Squad
4066,When Worlds Collide
4067,My Blue Heaven
4068,Pride
4069,Commandments
4070,Dick
4071,Last Chance Harvey
4072,Initial D
4073,Othello
4074,Die Eylandt Recherche
4075,A Day Without a Mexican
4076,Breakin' All the Rules
4077,The Beastmaster
4078,Sergeant York
4079,Waiting for Guffman
4080,Hero Wanted
4081,The Magic Roundabout
4082,Garfield Gets Real
4083,Modern Problems
4084,The King and I
4085,Where the Wild Things Are
4086,Titanic
4087,"I Love You, Man"
4088,Rhinestone
4089,Little Manhattan
4090,Daddy's Little Girls
4091,Duplicity
4092,Winter in Wartime
4093,Astro Boy
4094,The Proposition
4095,Adventureland
4096,Mindhunters
4097,Ordinary People
4098,La Bamba
4099,In My Country
4100,Days of Heaven
4101,Life or Something Like It
4102,The Other Side of Heaven
4103,All About Lily Chou-Chou
4104,The Best Two Years
4105,Return to Never Land
4106,This Gun for Hire
4107,Meet the Browns
4108,Sugar & Spice
4109,The Tracey Fragments
4110,The Namesake
4111,A Movie of Eggs
4112,Coal Miner's Daughter
4113,The Return of the Texas Chainsaw Massacre
4114,Madea's Family Reunion
4115,Welcome to Mooseport
4116,Bingo
4117,Johnny Dangerously
4118,All That Jazz
4119,Kiki's Delivery Service
4120,Planet 51
4121,Inglourious Basterds
4122,Drag Me to Hell
4123,Battle for Terra
4124,The Ladies Man
4125,The Inhabited Island
4126,The Car Keys
4127,They Drive by Night
4128,Black Christmas
4129,Intermission
4130,City Heat
4131,The Frisco Kid
4132,The Last Days of Disco
4133,Observe and Report
4134,State of Play
4135,17 Again
4136,I'm Gonna Git You Sucka
4137,Die Geschichte vom Brandner Kaspar
4138,The Crocodile Hunter: Collision Course
4139,Agent Cody Banks 2: Destination London
4140,Scarlet Street
4141,The Sniper
4142,Dracula: Prince of Darkness
4143,Kung Fu Dunk
4144,The Ballad of Jack and Rose
4145,The Object of My Affection
4146,Crossroads
4147,12 Rounds
4148,Any Which Way You Can
4149,"Bright Lights, Big City"
4150,Eye for an Eye
4151,Supercross
4152,Gross Anatomy
4153,Why Did I Get Married?
4154,Houseguest
4155,Battle in Heaven
4156,The Pick-up Artist
4157,The Black Stallion
4158,The Fall of the Roman Empire
4159,Gigi
4160,Poultrygeist: Night of the Chicken Dead
4161,The Battle of Algiers
4162,The TV Set
4163,The Soloist
4164,The Other End of the Line
4165,Obsessed
4166,Force 10 from Navarone
4167,Flywheel
4168,Bride Flight
4169,The Brice Man
4170,South Pacific
4171,Escape to Victory
4172,Last Holiday
4173,Revenge of the Ninja
4174,Moon
4175,The Informers
4176,...And Justice for All
4177,Pennies from Heaven
4178,BloodRayne II: Deliverance
4179,Death Warrant
4180,The Room
4181,The Man in the Moon
4182,Dhoom
4183,Shelter
4184,Unlawful Entry
4185,Urban Cowboy
4186,Don
4187,S. Darko
4188,Rooster Cogburn
4189,The Adventures of Tintin
4190,Surviving the Game
4191,Deathtrap
4192,The Other Man
4193,Antichrist
4194,Year One
4195,Mid-August Lunch
4196,It's Always Fair Weather
4197,National Velvet
4198,District 9
4199,Ice Station Zebra
4200,The Girlfriend Experience
4201,The Public Enemy
4202,The Gauntlet
4203,Jaws 3-D
4204,Brokedown Palace
4205,Corky Romano
4206,Dudley Do-Right
4207,Hey Arnold! The Movie
4208,The Adventures of Rocky & Bullwinkle
4209,Where the Day Takes You
4210,Sunshine
4211,Derailed
4212,Freaked
4213,Alex & Emma
4214,Show Boat
4215,Kull the Conqueror
4216,A Simple Wish
4217,Virginia City
4218,Loft
4219,Because of Winn-Dixie
4220,Barefoot in the Park
4221,Anchors Aweigh
4222,The Beautician and the Beast
4223,Silver Bullet
4224,A Frozen Flower
4225,My Dog Skip
4226,Oliver!
4227,Planet of the Vampires
4228,Undiscovered
4229,Fired Up!
4230,Iron & Blood: The Legend of Taras Bulba
4231,Hush
4232,The Pest
4233,"He Said, She Said"
4234,Torment
4235,A Christmas Carol
4236,Witchboard
4237,Leprechaun 2
4238,Kiss Me Deadly
4239,The Secret of Moonacre
4240,Gossip
4241,Next Day Air
4242,8 Seconds
4243,Black Dawn
4244,Nine Queens
4245,Hannah Montana: The Movie
4246,Unaccompanied Minors
4247,Land of the Lost
4248,12 and Holding
4249,About Last Night...
4250,All the Right Moves
4251,Assassination of a High School President
4252,Like Water for Chocolate
4253,Big Night
4254,Alone With Her
4255,Blue Hawaii
4256,The Twilight Saga: New Moon
4257,The Proposal
4258,Reds
4259,Downloading Nancy
4260,Hoot
4261,One Crazy Summer
4262,Godzilla vs. Biollante
4263,George Washington
4264,Love in the Afternoon
4265,Black Dog
4266,The Young Victoria
4267,Joshua
4268,The Kiss of Death
4269,Happy Together
4270,The Country Bears
4271,Night at the Museum: Battle of the Smithsonian
4272,Exit to Eden
4273,Something to Talk About
4274,The Last House on the Left
4275,Chained Heat
4276,Project X
4277,Gummo
4278,City of Industry
4279,B.A.P.S
4280,Swiss Family Robinson
4281,Night of the Comet
4282,The Cookout
4283,Horsemen
4284,Brüno
4285,The Taking of Pelham 1 2 3
4286,Ghoulies
4287,The Decline of the American Empire
4288,Gamer
4289,Never Forever
4290,The Celestine Prophecy
4291,Madonna: The Confessions Tour
4292,Bronson
4293,Filth and Wisdom
4294,Fled
4295,"Food, Inc."
4296,House of Wax
4297,The Ramen Girl
4298,10 to Midnight
4299,The Desperate Hours
4300,Fur: An Imaginary Portrait of Diane Arbus
4301,Flaming Star
4302,Tickle Me
4303,Royal Wedding
4304,One-Eyed Jacks
4305,The Story of Vernon and Irene Castle
4306,Eye of the Beholder
4307,Till the Clouds Roll By
4308,Being Julia
4309,Capone
4310,Sands of Iwo Jima
4311,Attack of the 50 Foot Woman
4312,L.I.E.
4313,The Lizzie McGuire Movie
4314,The Spirit of St. Louis
4315,Slow Burn
4316,God's Army
4317,The Haunting in Connecticut
4318,The Hangover
4319,Clash of the Titans
4320,Double Take
4321,The White Countess
4322,The Lost Skeleton of Cadavra
4323,Man-Thing
4324,3 Ninjas Kick Back
4325,Flight of the Intruder
4326,Jawbreaker
4327,"Paradise, Hawaiian Style"
4328,The French Kissers
4329,Don't Look Back
4330,In Cold Blood
4331,A Pain in the Ass
4332,A Home at the End of the World
4333,Facing the Giants
4334,Ernest Goes to Camp
4335,Quest for Camelot
4336,The Boat That Rocked
4337,Cinderfella
4338,The Adventures of Pinocchio
4339,Camelot
4340,"Godzilla, King of the Monsters!"
4341,Rustlers' Rhapsody
4342,Clifford's Really Big Movie
4343,Bhool Bhulaiyaa
4344,The New Adventures of Pippi Longstocking
4345,Light It Up
4346,Valley Girl
4347,Down
4348,Once Bitten
4349,Pure Luck
4350,The Affair of the Necklace
4351,Johnson Family Vacation
4352,Vulgar
4353,Ladybugs
4354,Those Happy Days
4355,A Little Princess
4356,Breaker! Breaker!
4357,Let It Ride
4358,Blind Fury
4359,Goal III: Taking on the World
4360,The Return of Swamp Thing
4361,Diggstown
4362,The Real Cancun
4363,Graveyard Shift
4364,Dolemite
4365,A Different Loyalty
4366,The Derby Stallion
4367,Night of the Living Dead
4368,The Hebrew Hammer
4369,Shadows and Fog
4370,The Beyond
4371,Pledge This!
4372,Passion of Mind
4373,Kill Theory
4374,Away We Go
4375,Stroker Ace
4376,Volunteers
4377,Whatever Works
4378,The Big Brawl
4379,In Hell
4380,The Black Hole
4381,Saving Face
4382,"Zorro, The Gay Blade"
4383,Black Widow
4384,Girlfight
4385,Josie and the Pussycats
4386,Mr. Nanny
4387,White Sands
4388,Biloxi Blues
4389,Dark Angel
4390,The Big Shot
4391,Dilwale Dulhania Le Jayenge
4392,Recess: School's Out
4393,Please Don't Eat the Daisies
4394,Screwed
4395,Absence of Malice
4396,It Came from Outer Space
4397,Cyborg She
4398,Nine to Five
4399,Neighbors
4400,Miss March
4401,G-Force
4402,A Star Is Born
4403,Bluffmaster!
4404,Drona
4405,My Mighty Princess
4406,Love Aaj Kal
4407,The Sea Wolves
4408,Lagaan: Once Upon a Time in India
4409,Kidnap
4410,Golmaal – Fun Unlimited
4411,Porky's II: The Next Day
4412,A Wednesday!
4413,The League of Gentlemen's Apocalypse
4414,Imagine That
4415,The Great Waldo Pepper
4416,Saturn 3
4417,Labor Pains
4418,The Sovereign's Servant
4419,Blue Chips
4420,Van Wilder: Freshman Year
4421,The In-Laws
4422,In the Loop
4423,"I Love You, Beth Cooper"
4424,The Players Club
4425,Pandorum
4426,Couples Retreat
4427,Daybreakers
4428,The Stepfather
4429,"The Goods: Live Hard, Sell Hard"
4430,Zombieland
4431,The Final Destination
4432,(500) Days of Summer
4433,The Joy Luck Club
4434,The Brave Little Toaster
4435,Surrogates
4436,Care Bears Movie II: A New Generation
4437,99
4438,Jennifer's Body
4439,Avatar
4440,Niagara
4441,Chandni Chowk to China
4442,Pink Cadillac
4443,Slackers
4444,The End of the Affair
4445,Confessions of a Shopaholic
4446,Ayan
4447,Shinjuku Incident
4448,Bart Got a Room
4449,The Children's Hour
4450,Cowboys & Angels
4451,Exotica
4452,The Fast and the Furious
4453,World's Greatest Dad
4454,The Eiger Sanction
4455,Narco
4456,Grind
4457,Fear of a Black Hat
4458,The Stranger
4459,Last Stop 174
4460,Africa Screams
4461,Breaking Away
4462,Luck
4463,Never Die Alone
4464,Swimming with Sharks
4465,Renegades
4466,Say It Isn't So
4467,The Brothers
4468,Swing Time
4469,Martin Lawrence Live: Runteldat
4470,Fandango
4471,Despicable Me
4472,Phir Hera Pheri
4473,Grand Prix
4474,No Entry
4475,Paint Your Wagon
4476,The Deep
4477,Rock-A-Doodle
4478,3 Idiots
4479,Digimon: The Movie
4480,The Matchmaker
4481,Nightbreed
4482,Catch That Kid
4483,Malamaal Weekly
4484,Mangal Pandey - The Rising
4485,The Book of Eli
4486,Reefer Madness
4487,TRON: Legacy
4488,Jonah Hex
4489,The Crucible
4490,Delgo
4491,Swimfan
4492,Seconds
4493,The Cocoanuts
4494,Panic
4495,Woman of the Year
4496,Love Crazy
4497,Clockers
4498,Roadside Romeo
4499,Saathiya
4500,Robin Hood
4501,Deep Cover
4502,The Dogs of War
4503,Teree Sang: A Kidult Love Story
4504,Kaminey
4505,Rugrats Go Wild
4506,Ready to Rumble
4507,Tales from the Darkside: The Movie
4508,Farewell to the King
4509,12
4510,Code of Silence
4511,Little Giants
4512,Air Bud
4513,Shootout at Lokhandwala
4514,Play It to the Bone
4515,Radio Flyer
4516,Sleep Dealer
4517,The Road
4518,But I'm a Cheerleader
4519,The Man Who Saved the World
4520,Novocaine
4521,The Handmaid's Tale
4522,I Hate Valentine's Day
4523,Funny People
4524,Aliens in the Attic
4525,Hardball
4526,8 Million Ways to Die
4527,King of the Gypsies
4528,She Hate Me
4529,House of Bamboo
4530,The Ugly Truth
4531,Sarkar
4532,Brother 2
4533,Kenny Begins
4534,Moscow Does Not Believe in Tears
4535,Balto
4536,Beautiful
4537,Levity
4538,One False Move
4539,A Stranger Is Watching
4540,Death of a President
4541,Lakshya
4542,Lucky Miles
4543,Fluke
4544,Vibes
4545,House of Voices
4546,Intimate Strangers
4547,Orphan
4548,Dil Se..
4549,Mobsters
4550,Cannonball
4551,Testament
4552,Dad
4553,The Amateur
4554,The Honeymooners
4555,Wake Up Sid
4556,Barbershop 2: Back in Business
4557,River's Edge
4558,I Dreamed of Africa
4559,Quicksilver
4560,Children of Heaven
4561,Stone Cold
4562,City of Life and Death
4563,Anywhere but Here
4564,All the Pretty Horses
4565,High Spirits
4566,A Force of One
4567,Navigating the Heart
4568,The Collector
4569,French Fried Vacations 3: Friends Forever
4570,Lage Raho Munna Bhai
4571,There's No Business Like Show Business
4572,Possession
4573,A Four Letter Word
4574,Class
4575,Satya
4576,Tupac: Resurrection
4577,The Preacher's Wife
4578,Socha Na Tha
4579,Rangeela
4580,A Prophet
4581,Nighthawks
4582,The Funeral
4583,Hera Pheri
4584,Gulaal
4585,Crimewave
4586,Stir Crazy
4587,Air Bud: Golden Receiver
4588,Khakee
4589,Airbag
4590,The Candidate
4591,Dance Flick
4592,The Brothers Bloom
4593,RRRrrrr!!!
4594,Rookie of the Year
4595,LOL (Laughing Out Loud)
4596,Bronco Billy
4597,Von Ryan's Express
4598,The Hollywood Knights
4599,The Great Santini
4600,Shabd
4601,Booty Call
4602,Naqoyqatsi
4603,Pluk and His Tow Truck
4604,Jackson County Jail
4605,Super Fly
4606,The Watcher in the Woods
4607,Like Mike
4608,Hot Dog... The Movie
4609,Trespass
4610,Elmer Gantry
4611,Coffy
4612,The Border
4613,Spirit Trap
4614,The Marsh
4615,Jason's Lyric
4616,Hoodlum
4617,Capitalism: A Love Story
4618,Hard Times
4619,Troop Beverly Hills
4620,Havana
4621,Boiling Point
4622,Chéri
4623,Without Limits
4624,Ride with the Devil
4625,An Awfully Big Adventure
4626,Hell's Angels
4627,Sisters
4628,The Fighting Temptations
4629,In Too Deep
4630,Aitraaz
4631,Youth in Revolt
4632,The Apple Dumpling Gang Rides Again
4633,The Ten Commandments
4634,Baby Geniuses
4635,Wickie the Mighty Viking
4636,Saturn in Opposition
4637,The Green Berets
4638,Random Harvest
4639,Postcards from the Edge
4640,The Rainbow Troops
4641,Guilty by Suspicion
4642,The Women
4643,Gandahar
4644,The Wrong Man
4645,Thirst
4646,Scott Pilgrim vs. the World
4647,The Yellow Handkerchief
4648,Tom and Jerry: The Movie
4649,The Swan Princess
4650,Sidekicks
4651,Safety Last!
4652,The Broken Hearts Club: A Romantic Comedy
4653,The Outlaw
4654,Dinner Rush
4655,Circle of Friends
4656,Shrink
4657,A Bucket of Blood
4658,Algiers
4659,How to Succeed in Business Without Really Trying
4660,A Star Is Born
4661,Jane Eyre
4662,Victory Through Air Power
4663,Whiteout
4664,High Strung
4665,Cloudy with a Chance of Meatballs
4666,Simon Birch
4667,Whip It
4668,Law Abiding Citizen
4669,Saw VI
4670,Motherhood
4671,Gentlemen Broncos
4672,The Boondock Saints II: All Saints Day
4673,The Fourth Kind
4674,The Box
4675,Homicide
4676,Ninja Assassin
4677,Evangelion: 2.0 You Can (Not) Advance
4678,Destination Tokyo
4679,The Blind Side
4680,Loose Change: Final Cut
4681,Legion
4682,It's Complicated
4683,Takers
4684,Elsa & Fred
4685,Up in the Air
4686,Old Dogs
4687,Invictus
4688,The Cabin in the Woods
4689,Dear John
4690,Green Zone
4691,To Be or Not to Be
4692,Tooth Fairy
4693,Season of the Witch
4694,Hot Tub Time Machine
4695,My Life in Ruins
4696,Action in the North Atlantic
4697,The Invention of Lying
4698,Doctor Detroit
4699,Little Lord Fauntleroy
4700,2009: Lost Memories
4701,Lady Sings the Blues
4702,The Talk of the Town
4703,The Town
4704,Remember Me
4705,The Spy Next Door
4706,It's Alive
4707,The Hallelujah Trail
4708,Trick 'r Treat
4709,Six Degrees of Separation
4710,Another You
4711,The Ballad of Cable Hogue
4712,Hinter Kaifeck
4713,Bandslam
4714,Straight Time
4715,Alvin and the Chipmunks: The Squeakquel
4716,A Nightmare on Elm Street
4717,House of Usher
4718,Videocracy
4719,Surf Ninjas
4720,Mozart and the Whale
4721,The Bad News Bears
4722,Kick-Ass
4723,The Rum Diary
4724,Unstoppable
4725,Class of 1999
4726,A Dirty Carnival
4727,The Pallbearer
4728,What a Way to Go!
4729,In Enemy Hands
4730,We Don't Live Here Anymore
4731,The Original Kings of Comedy
4732,Sucker Punch
4733,Machete
4734,"Fort Apache, the Bronx"
4735,Monkeybone
4736,All About Steve
4737,C.H.U.D.
4738,Cop Out
4739,Centurion
4740,The Toy
4741,Paranormal Activity
4742,Last Night
4743,The Listening
4744,Paradise Alley
4745,Porky's Revenge
4746,Lady Vampire
4747,Stay Tuned
4748,Nasty Old People
4749,Tape
4750,Atlantic City
4751,Pontypool
4752,Cremaster 2
4753,Cremaster 3
4754,Stan Helsing
4755,Bus Stop
4756,The Sheltering Sky
4757,Glen or Glenda
4758,The Twilight Saga: Eclipse
4759,Teacher's Pet
4760,Sivaji: The Boss
4761,Guncrazy
4762,"Happy, Texas"
4763,From the Hip
4764,The Little Vampire
4765,Haunted Honeymoon
4766,The Black Cat
4767,Fun with Dick and Jane
4768,Town & Country
4769,How to Eat Fried Worms
4770,Warlock: The Armageddon
4771,Stop Making Sense
4772,In Like Flint
4773,An Ideal Husband
4774,Halloween II
4775,The Buddy Holly Story
4776,Days of Darkness
4777,Time of the Wolf
4778,Mr. & Mrs. Smith
4779,Fay Grim
4780,Silent Trigger
4781,The Rebel
4782,The Verdict
4783,Excessive Force
4784,Gunmen
4785,Mary and Max
4786,Bad Influence
4787,The Girl Who Played with Fire
4788,Sheena
4789,The Man from Snowy River
4790,The Maiden Heist
4791,Dead & Buried
4792,Matewan
4793,Goemon
4794,Borstal Boy
4795,Scanners II: The New Order
4796,Powaqqatsi
4797,House of D
4798,The Final Inquiry
4799,Emmanuelle
4800,Chasers
4801,C.S.A.: The Confederate States of America
4802,Cirque du Freak: The Vampire's Assistant
4803,The Time Traveler's Wife
4804,Ajami
4805,A.R.O.G
4806,The Avengers
4807,Doogal
4808,Did You Hear About the Morgans?
4809,The Little Shop of Horrors
4810,The Razor's Edge
4811,Fish Tank
4812,King Naresuan Part: 1
4813,Demonlover
4814,The Skippers of the Cameleon 2
4815,Hurlyburly
4816,Killer Bean Forever
4817,Into the Sun
4818,Just One of the Guys
4819,Loose Cannons
4820,Raise the Titanic
4821,Get Real
4822,Main Aurr Mrs Khanna
4823,Kurbaan
4824,Bee Season
4825,Cats Don't Dance
4826,Bamboozled
4827,Bird
4828,O Magnata
4829,An Education
4830,Viper in the Fist
4831,Love and the City
4832,Miracle Mile
4833,The Entity
4834,Six-String Samurai
4835,Hud
4836,Angels in the Outfield
4837,Julie & Julia
4838,Black Dynamite
4839,Something Wicked This Way Comes
4840,Hidden
4841,The Octagon
4842,Leonard Part 6
4843,Piranha
4844,Death Wish 3
4845,The Twelve Chairs
4846,Night of the Demons
4847,Night of the Living Dead 3D
4848,Return of the Living Dead Part II
4849,The Deep End
4850,Head Over Heels
4851,The Wiz
4852,Gunga Din
4853,The Egyptian
4854,Ghosts of the Abyss
4855,Hanky Panky
4856,Leatherface: The Texas Chainsaw Massacre III
4857,The Zombie Diaries
4858,Tales from the Hood
4859,Ballast
4860,Shorts
4861,Transylvania 6-5000
4862,Beyond a Reasonable Doubt
4863,Jude
4864,Full Grown Men
4865,The Stepfather
4866,Screwballs
4867,Drowning Mona
4868,Bye Bye Birdie
4869,Komodo
4870,Paper Heart
4871,Janky Promoters
4872,The Last Picture Show
4873,The Mirror Has Two Faces
4874,Leap Year
4875,Crazy Heart
4876,The Caveman's Valentine
4877,Annie Get Your Gun
4878,Deterrence
4879,For the Boys
4880,Article 99
4881,The Last Seduction
4882,Pushing Hands
4883,The Echo
4884,Dutch
4885,Ace in the Hole
4886,Man About Dog
4887,The Secret in Their Eyes
4888,The Blue Butterfly
4889,March or Die
4890,Destination Moon
4891,I Love Your Work
4892,Adam's Rib
4893,Tapeheads
4894,Return to Sender
4895,Raising Victor Vargas
4896,Two Can Play That Game
4897,Mutant Action
4898,My Dinner with Andre
4899,Deception
4900,Cat People
4901,Koi... Mil Gaya
4902,The Gospel
4903,The House of Mirth
4904,The Puppet Masters
4905,Soapdish
4906,Hansel & Gretel
4907,The Indian Runner
4908,Ninja
4909,Rosewood
4910,Party Girl
4911,Jesus' Son
4912,My First Mister
4913,Love Happens
4914,A Place in the Sun
4915,American Ninja 2: The Confrontation
4916,Man on the Roof
4917,Post Grad
4918,Shooting Fish
4919,The Postman Always Rings Twice
4920,The Flight Before Christmas
4921,Carved: The Slit-Mouthed Woman
4922,Children of the Corn II: The Final Sacrifice
4923,Damnation Alley
4924,Journey From the Fall
4925,Precious
4926,The Book of Masters
4927,Baaria
4928,Legend of the Lost
4929,Dahmer
4930,De Dana Dan
4931,Salaam-e-Ishq
4932,Indra
4933,Champion
4934,"To Sir, with Love"
4935,Harry Brown
4936,Almost an Angel
4937,Conquest of Space
4938,Veronika Decides to Die
4939,Moscow Zero
4940,My Name Is Khan
4941,Point Blank
4942,American Pie Presents: The Book of Love
4943,Storm Catcher
4944,The Doctor
4945,FC Venus
4946,Music of the Heart
4947,Everybody's Fine
4948,Messenger of Death
4949,Ivanhoe
4950,"Mother, Jugs & Speed"
4951,Razorback
4952,The Keep
4953,The Sea Hawk
4954,Blink
4955,Cops & Robbersons
4956,Death Wish 4: The Crackdown
4957,Harper
4958,Twilight
4959,Shakes the Clown
4960,Prefontaine
4961,Taking Woodstock
4962,Bordertown
4963,China Moon
4964,Romance
4965,A Low Down Dirty Shame
4966,I Can Do Bad All By Myself
4967,Maurice
4968,Ernest Saves Christmas
4969,Buried
4970,From Paris with Love
4971,Brooklyn's Finest
4972,Wake in Fright
4973,Agora
4974,Death Hunt
4975,Xchange
4976,Hercules
4977,Triangle
4978,Beach Party
4979,Arthur and the Revenge of Maltazard
4980,Pumpkinhead
4981,Bob & Carol & Ted & Alice
4982,A Soldier's Story
4983,Club Paradise
4984,The Heart Is Deceitful Above All Things
4985,The Secret
4986,Summer Catch
4987,Clay Pigeons
4988,Shank
4989,Britannia Hospital
4990,Photographing Fairies
4991,Conflict
4992,Noises Off...
4993,The Thief and the Cobbler
4994,The Outing
4995,Sorority Row
4996,My Baby's Daddy
4997,The Enforcer
4998,Lone Star
4999,No Mercy
5000,Brigham City
5001,Switching Channels
5002,My One and Only
5003,Who's That Girl
5004,The Message
5005,Lion of the Desert
5006,Under Suspicion
5007,The Atomic Cafe
5008,The Mudge Boy
5009,Mercy Streets
5010,The Secret of Kells
5011,Spacehunter: Adventures in the Forbidden Zone
5012,Ca$h
5013,For Me and My Gal
5014,The Sorcerer's Apprentice
5015,Saint John of Las Vegas
5016,The Nun's Story
5017,The Irony of Fate. The Sequel
5018,Mishima: A Life in Four Chapters
5019,Zero Day
5020,My Life in Pink
5021,Silent Rage
5022,The Greatest Show on Earth
5023,Inception
5024,Amityville 3-D
5025,Lost in America
5026,The Tall Target
5027,Frankenhooker
5028,Mom and Dad Save the World
5029,Hideaway
5030,Love Jones
5031,Joysticks
5032,Pulse
5033,Phantom of the Paradise
5034,Maniac
5035,Braddock: Missing in Action III
5036,King's Ransom
5037,Mrs. Miniver
5038,MegaForce
5039,My Big Fat Independent Movie
5040,"Silent Night, Deadly Night"
5041,Next of Kin
5042,Ghost Game
5043,Shivers
5044,The Cat o' Nine Tails
5045,Killer of Sheep
5046,The Bachelor and the Bobby-Soxer
5047,Baby Face
5048,The Spiral Staircase
5049,O.C. and Stiggs
5050,Once Upon a Crime
5051,The Slumber Party Massacre
5052,The Unholy Three
5053,West of Zanzibar
5054,He Who Gets Slapped
5055,Beastmaster 2: Through the Portal of Time
5056,The Barbarians
5057,Flamingo Road
5058,Extraordinary Measures
5059,The Bounty Hunter
5060,Salt
5061,The Expendables
5062,The American
5063,The Other Guys
5064,The Mechanic
5065,High School
5066,Rabbit Hole
5067,The Runaways
5068,Parents
5069,Personal Best
5070,Not of This Earth
5071,The Black Room
5072,Queen of Blood
5073,Night of the Demons
5074,D.C. Cab
5075,Psycho Beach Party
5076,55 Days at Peking
5077,Slumber Party Massacre III
5078,Steel Dawn
5079,Strangeland
5080,The Thing Called Love
5081,October Moon
5082,CQ
5083,For Whom the Bell Tolls
5084,Warlords of the 21st Century
5085,Little Caesar
5086,The Second Chance
5087,Airport 1975
5088,Micmacs
5089,Hombre
5090,The Breath
5091,Cruising
5092,I Saw the Sun
5093,Turk 182!
5094,She's Gotta Have It
5095,Somebody Up There Likes Me
5096,Kama Sutra: A Tale of Love
5097,Thumbelina
5098,Stuart Saves His Family
5099,City Island
5100,The Messenger
5101,Dillinger
5102,Delirious
5103,Crossfire
5104,A Thin Line Between Love and Hate
5105,Ninja III: The Domination
5106,Nowhere Man
5107,Baptists at Our Barbecue
5108,It's Alive
5109,It Lives Again
5110,The Toxic Avenger Part II
5111,The Toxic Avenger Part III: The Last Temptation of Toxie
5112,Blood Feast
5113,Tucker: The Man and His Dream
5114,Hachi: A Dog's Tale
5115,Sylvia
5116,The Class
5117,Chloe
5118,Return of the Living Dead III
5119,Parrish
5120,The Three Faces of Eve
5121,The Gay Divorcee
5122,Cactus Flower
5123,Follow the Fleet
5124,Losing Isaiah
5125,Case 39
5126,Bloody Friday
5127,Date with an Angel
5128,The Yakuza
5129,The Invisible Woman
5130,Invisible Agent
5131,The Prisoner of Zenda
5132,Footlight Parade
5133,Walker
5134,East/West
5135,Satan's Blood
5136,The Pit and the Pendulum
5137,Universal Soldier: Regeneration
5138,The Heiress
5139,The Lost Weekend
5140,Problem Child 2
5141,Fame
5142,Equinox
5143,Malcolm
5144,Dire Straits: On The Night
5145,"Count Yorga, Vampire"
5146,Black Friday
5147,"White Hunter, Black Heart"
5148,Communion
5149,The House by the Cemetery
5150,"Black Mama, White Mama"
5151,How About You...
5152,Wind
5153,In Dreams
5154,F.I.S.T.
5155,The Brood
5156,The Thief of Bagdad
5157,Wings
5158,Limelight
5159,The Specials
5160,The Kid Stays in the Picture
5161,The Raven
5162,Monster from the Ocean Floor
5163,The Omega Code
5164,Gun Shy
5165,The Bride
5166,Waxwork
5167,No Such Thing
5168,Eyes of Laura Mars
5169,Charly
5170,Big Fan
5171,Giallo
5172,The Missing Lynx
5173,The Spanish Prisoner
5174,The Immortals
5175,3 Godfathers
5176,Antikiller D.K
5177,The Band Wagon
5178,Macabre
5179,The Crazies
5180,Krush Groove
5181,Uptown Saturday Night
5182,Let's Do It Again
5183,The Man Who Cried
5184,The Man Who Wasn't There
5185,Get Crazy
5186,Major Dundee
5187,The Concorde... Airport '79
5188,The Laughing Policeman
5189,Monkey Shines
5190,The Legend of the Nahuala
5191,A Woman Under the Influence
5192,The Adventure of Sherlock Holmes' Smarter Brother
5193,Carefree
5194,The Black Swan
5195,The Barkleys of Broadway
5196,Dulha Mil Gaya
5197,The Robe
5198,Exam
5199,The Golden Bowl
5200,Bright Star
5201,Nothing in Common
5202,Cobb
5203,Samson and Delilah
5204,Solomon and Sheba
5205,God Willing
5206,Mother
5207,ZZ Top - Live from Texas
5208,The Plague Dogs
5209,Possession
5210,I Hope They Serve Beer in Hell
5211,Phat Girlz
5212,The Singing Detective
5213,Lupin the Third: The Mystery of Mamo
5214,The Miracle of P. Tinto
5215,It Came from Hollywood
5216,The Manhattan Project
5217,The Junior Olsen Gang Goes Submarine
5218,Onegin
5219,Vincere
5220,Civil Brand
5221,"20,000 Leagues Under the Sea"
5222,Real Women Have Curves
5223,Kingdom of the Spiders
5224,Megiddo: The Omega Code 2
5225,Imago Mortis
5226,The Comancheros
5227,The Texas Chain Saw Massacre
5228,Big Top Pee-wee
5229,Heavy Traffic
5230,Bodyguards and Assassins
5231,Bunraku
5232,Stepfather 2
5233,Devil's Pond
5234,Hot to Trot
5235,Yahşi Batı
5236,Out for a Kill
5237,Mortal Thoughts
5238,The Last House in the Woods
5239,Mutant Aliens
5240,Motel Hell
5241,The Anderson Tapes
5242,The Deep End of the Ocean
5243,The Gospel of John
5244,Ticker
5245,Moonlight Mile
5246,Mr. Nobody
5247,Sidewalks of New York
5248,Butterfly
5249,The Death of Mr. Lazarescu
5250,MacArthur
5251,Mike's Murder
5252,My Favorite Year
5253,Our Russia: Eggs of Destiny
5254,Recep İvedik
5255,Only The Brave
5256,Pollyanna
5257,Shampoo
5258,Black Lightning
5259,Diamond 13
5260,Soul Kitchen
5261,Tim
5262,Agatha
5263,Little Nicholas
5264,Paris Is Burning
5265,From Justin to Kelly
5266,Too Beautiful
5267,Eegah
5268,Amália
5269,Little Ashes
5270,The 317th Platoon
5271,Waiting to Exhale
5272,Would I Lie to You? 2
5273,Bustin' Loose
5274,"Car 54, Where Are You?"
5275,Everybody Dies But Me
5276,Rann
5277,Iron Maiden: Rock In Rio
5278,Ben-Hur: A Tale of the Christ
5279,Gold Diggers of 1933
5280,The Boy Friend
5281,On the Town
5282,Indian
5283,A Woman Is a Woman
5284,Sarfarosh
5285,The Legend of Bhagat Singh
5286,Queen Christina
5287,Shall We Dance
5288,Flawless
5289,Narrow Margin
5290,The Formula
5291,The Killer Elite
5292,The Last American Hero
5293,The Package
5294,Three Fugitives
5295,White Man's Burden
5296,Arundhati
5297,The Marrying Man
5298,Blood and Wine
5299,Heaven & Earth
5300,Jimmy Hollywood
5301,Someone to Watch Over Me
5302,Coming Home
5303,Wise Guys
5304,Affliction
5305,The Paradine Case
5306,All the Queen's Men
5307,Breakout
5308,Cousins
5309,Desperate Hours
5310,Eyewitness
5311,Hell in the Pacific
5312,The Hunchback of Notre Dame
5313,The Public Eye
5314,Trouble in Mind
5315,Whose Life Is It Anyway?
5316,Cop
5317,Women in Trouble
5318,The Devils
5319,Young Soul Rebels
5320,The Road to Hong Kong
5321,Sylvia Scarlett
5322,Repo Men
5323,Finding Bliss
5324,The Beguiled
5325,Ghosts of Mississippi
5326,Invaders from Mars
5327,Prophecy
5328,Year of the Gun
5329,"Welcome Home, Roxy Carmichael"
5330,City of Ghosts
5331,The Sicilian
5332,King Kong Lives
5333,Mrs. Soffel
5334,Shining Through
5335,Witchfinder General
5336,Black
5337,Saboteur
5338,Hurricane Season
5339,The Cassandra Crossing
5340,Prince of the City
5341,Still of the Night
5342,The Doberman Gang
5343,The Believers
5344,The Pope of Greenwich Village
5345,Married to It
5346,The Mark of Zorro
5347,Starchaser: The Legend of Orin
5348,2 Harihar Nagar
5349,Rambling Rose
5350,Northfork
5351,Cradle Will Rock
5352,Duel in the Sun
5353,Simon Sez
5354,Ed
5355,Marci X
5356,The Greatest
5357,Two Girls and a Guy
5358,The Bad and the Beautiful
5359,"Police, Adjective"
5360,"Kiss Me, Guido"
5361,The Work and the Glory III: A House Divided
5362,It's a Great Feeling
5363,The Drowning Pool
5364,Personal Velocity
5365,The Hunted
5366,Two of a Kind
5367,Percy Jackson & the Olympians: The Lightning Thief
5368,The Two Jakes
5369,Gray's Anatomy
5370,Krrish
5371,Get Him to the Greek
5372,Act of Violence
5373,In Country
5374,Valentine's Day
5375,The Return of the Vampire
5376,'Til There Was You
5377,Mulan: Rise of a Warrior
5378,The Crime of Father Amaro
5379,The Strange Woman
5380,Pretty Poison
5381,Solomon Kane
5382,Mother of Mine
5383,Murphy's Law
5384,Troll
5385,Alesha Popovich and Tugarin the Dragon
5386,Paheli
5387,Who Is Cletis Tout?
5388,Galaxina
5389,Waterloo
5390,Tidal Wave
5391,Diary of a Wimpy Kid
5392,The Living End
5393,More American Graffiti
5394,Cell 211
5395,The House of Yes
5396,A Patch of Blue
5397,The Crush
5398,Scaramouche
5399,Abbott and Costello Go to Mars
5400,Buck Privates Come Home
5401,Nowhere Boy
5402,Nikitich and the Dragon
5403,Once Upon a Forest
5404,Rumble in the Bronx
5405,Daddy and Them
5406,Heavy Petting
5407,The Girl Who Kicked the Hornet's Nest
5408,Vivacious Lady
5409,How Stella Got Her Groove Back
5410,A Smile Like Yours
5411,Gentleman's Agreement
5412,His Kind of Woman
5413,Losin' It
5414,Grand Hotel
5415,It Takes Two
5416,Setem
5417,I'm Staying
5418,Rudolph the Red-Nosed Reindeer: The Movie
5419,Marjorie Morningstar
5420,Pal Joey
5421,Band of the Hand
5422,A Kind of Loving
5423,National Lampoon's Movie Madness
5424,It's Pat
5425,The Care Bears Adventure in Wonderland
5426,A Prayer for the Dying
5427,Mao’s Last Dancer
5428,Three... Extremes
5429,Wall Street: Money Never Sleeps
5430,Deadfall
5431,Mammoth
5432,She's Out of My League
5433,King of the Hill
5434,Warning Sign
5435,On the Line
5436,Budapeste
5437,Ted Bundy
5438,Spaced Invaders
5439,You Can't Take It with You
5440,Peter and Vandy
5441,Atithi Tum Kab Jaoge?
5442,Larger Than Life
5443,Vamp
5444,Adventures of Don Juan
5445,The Last Broadcast
5446,Beautiful
5447,Most Wanted
5448,Turbulence
5449,Murphy's Romance
5450,Men with Brooms
5451,Mannequin Two: On the Move
5452,The Boys in the Band
5453,No Man's Land
5454,Teen Patti
5455,The Perfect Weapon
5456,The Errand of Angels
5457,I'm No Angel
5458,The Descent: Part 2
5459,The A-Team
5460,Max Keeble's Big Move
5461,Our Family Wedding
5462,The NeverEnding Story
5463,Kandahar
5464,The NeverEnding Story II: The Next Chapter
5465,Enter the Void
5466,A Single Man
5467,The Adventures of Huck Finn
5468,Death Wish V: The Face of Death
5469,Karthik Calling Karthik
5470,Defendor
5471,Death at a Funeral
5472,The Back-Up Plan
5473,The Losers
5474,Predators
5475,China Strike Force
5476,Kiss Me Kate
5477,The Corrs: Live at the Royal Albert Hall
5478,The Last Time I Committed Suicide
5479,A Man Who Was Superman
5480,Nanny McPhee and the Big Bang
5481,Monique
5482,Lucky Luke
5483,The Pirate
5484,Date Night
5485,"The Beast from 20,000 Fathoms"
5486,The Cat's Meow
5487,Evil Angels
5488,Furry Vengeance
5489,Restoration
5490,Foolish Wives
5491,The Scout
5492,Mame
5493,On the Beach
5494,What Men Talk About
5495,The Villain
5496,Mata Hari
5497,The Extraordinary Adventures of Adèle Blanc-Sec
5498,Geronimo: An American Legend
5499,Philadelphia Experiment II
5500,A Troll in Central Park
5501,Spanish Movie
5502,Dream Theater: Images And Words - Live In Tokyo
5503,Madeline
5504,Why Did I Get Married Too?
5505,The Last Song
5506,Cooley High
5507,Preacher's Kid
5508,Resident Evil: Afterlife
5509,Lawn Dogs
5510,Hangover Square
5511,Flash Point
5512,Beyond the Forest
5513,Compulsion
5514,Baby Face Nelson
5515,The End
5516,Vice
5517,The Work and the Glory
5518,The In Crowd
5519,Stanley & Iris
5520,Cure
5521,Buddy Buddy
5522,Party Girl
5523,Timecode
5524,"Godzilla, Mothra and King Ghidorah: Giant Monsters All-Out Attack"
5525,Killer Tongue
5526,Top Dog
5527,Alaska
5528,Light Sleeper
5529,Flipper
5530,House Calls
5531,King of Kings
5532,After.Life
5533,Bachelor Mother
5534,Felix the Cat: The Movie
5535,Casino Royale
5536,Curse of the Pink Panther
5537,Operation Crossbow
5538,Blade II
5539,Naked Gun 33⅓: The Final Insult
5540,Prom Night
5541,Danger Signal
5542,The World Is Not Enough
5543,Blade
5544,Blade: Trinity
5545,The Good Earth
5546,X-Men
5547,X2
5548,X-Men: The Last Stand
5549,Die Another Day
5550,Never Say Never Again
5551,Solarbabies
5552,Godzilla vs. King Ghidorah
5553,20th Century Boys: Beginning of the End
5554,The Rocky Horror Picture Show
5555,Solitary Man
5556,Space Dogs
5557,The Interceptor
5558,Raggedy Ann & Andy: A Musical Adventure
5559,Twice Upon a Time
5560,Sgt. Pepper's Lonely Hearts Club Band
5561,The Ambushers
5562,The Agony and the Ecstasy
5563,Time Bandits
5564,A New Leaf
5565,Like Father Like Son
5566,Heaven's Prisoners
5567,Big Bully
5568,Boogie Woogie
5569,True Lies
5570,"31 Minutos, la película"
5571,U2 3D
5572,True Legend
5573,Letters to Juliet
5574,The Beat Generation
5575,Mother and Child
5576,Falling Down
5577,Impulse
5578,Tarzan
5579,The Naked Gun: From the Files of Police Squad!
5580,The Naked Gun 2½: The Smell of Fear
5581,The Truman Show
5582,The Human Centipede (First Sequence)
5583,Another Egg and Chicken Movie
5584,The Firm
5585,Leave It to Beaver
5586,The Graduate
5587,Witness for the Prosecution
5588,Protocol
5589,The Tall Men
5590,Fort Apache
5591,Island in the Sun
5592,Henry Fool
5593,Warlock
5594,The Killer Inside Me
5595,Conan the Barbarian
5596,Raavan
5597,Ip Man 2
5598,Four Lions
5599,Knock Off
5600,Unidentified
5601,House II: The Second Story
5602,Ringmaster
5603,St Trinian's 2: The Legend of Fritton's Gold
5604,Fall
5605,Valmont
5606,Some Kind of Hero
5607,Elvis Has Left the Building
5608,The Three Brothers
5609,Hooked on the Game
5610,Anthony Adverse
5611,"Same Time, Next Year"
5612,Super 8
5613,Bread and Roses
5614,The Tourist
5615,Accidents Happen
5616,Waking the Dead
5617,Skyfall
5618,It's a Boy Girl Thing
5619,Easy A
5620,800 Bullets
5621,Consenting Adults
5622,Sex and the City 2
5623,The Social Network
5624,Killers
5625,Badmaash Company
5626,Mammuth
5627,Knight and Day
5628,Hooked on the Game 2. The Next Level
5629,Valhalla Rising
5630,The White Ribbon
5631,Honkytonk Man
5632,In Harm's Way
5633,MacGruber
5634,Tales from Earthsea
5635,Happy Birthday to Me
5636,Vinnaithaandi Varuvaayaa
5637,Charlie St. Cloud
5638,The House Across the Bay
5639,Immortals
5640,Brown Sugar
5641,Kamen Rider Kabuto: God Speed Love
5642,Chain Letter
5643,The Adjustment Bureau
5644,Megamind
5645,Going the Distance
5646,Red Dust
5647,Beastly
5648,To Rob a Thief
5649,5 Centimeters per Second
5650,Shadow Conspiracy
5651,Lorelei: The Witch of the Pacific Ocean
5652,Eat Pray Love
5653,Anastasia
5654,Three Men and a Cradle - 18 Years Later
5655,Ek Niranjan
5656,On a Clear Day You Can See Forever
5657,Harriet the Spy
5658,Undisputed III: Redemption
5659,The War in Space
5660,She's So Lovely
5661,You Again
5662,Zookeeper
5663,Your Highness
5664,Priest
5665,"Big Mommas: Like Father, Like Son"
5666,How I Ended This Summer
5667,Hipsters
5668,Yuppies 2
5669,Transformers: Dark of the Moon
5670,Morning Glory
5671,The Last Exorcism
5672,Fair Game
5673,Grown Ups
5674,Shanghai
5675,Life As We Know It
5676,Bran Nue Dae
5677,Ondine
5678,Symmetry
5679,The Divide
5680,The Disappearance of Alice Creed
5681,Ironclad
5682,The River
5683,Sunset
5684,Howl
5685,The Karate Kid
5686,Marmaduke
5687,Off Limits
5688,Tarzan and the Lost City
5689,Vaaranam Aayiram
5690,The Legend of the Lone Ranger
5691,Jane Eyre
5692,Flesh and the Devil
5693,Bad Boys for Life
5694,Reckless
5695,Madison
5696,My Family
5697,An Unmarried Woman
5698,Gulliver's Travels
5699,Passion Play
5700,Tangled
5701,Chisum
5702,Dinner for Schmucks
5703,Rampage
5704,Tosun Pasha
5705,Lilies of the Field
5706,Black and White
5707,Dogtooth
5708,Ramona and Beezus
5709,Stolen
5710,The Lords of Flatbush
5711,Ryan's Daughter
5712,Supercop 2
5713,Seven Minutes in Heaven
5714,Sorcerer
5715,No Holds Barred
5716,Winter's Bone
5717,The Good Guy
5718,Pinocchio and the Emperor of the Night
5719,Cyrus
5720,What's Up with Cinta?
5721,The Bedroom Window
5722,Mungaru Male
5723,Dinner at Eight
5724,Funny About Love
5725,Tadpole
5726,The Giant Spider Invasion
5727,Prince Vladimir
5728,Shalako
5729,Somewhere
5730,Off Beat
5731,Real Steel
5732,Godzilla 1985
5733,Godzilla vs. Megalon
5734,Carnosaur
5735,The Human Factor
5736,Mighty Joe Young
5737,Sugar Hill
5738,Would I Lie to You?
5739,Gypsy
5740,The Secrets of Jonathan Sperry
5741,Plump Fiction
5742,Beloved
5743,Little Fockers
5744,Godzilla vs. Hedorah
5745,Godzilla vs. SpaceGodzilla
5746,Godzilla vs. Megaguirus
5747,Silent Fall
5748,Secretariat
5749,Paul
5750,RED
5751,Angadi Theru
5752,Contagion
5753,Stolen Summer
5754,Testosteron
5755,Cats & Dogs: The Revenge of Kitty Galore
5756,Portrait in Black
5757,Oscar and Lucinda
5758,The Kids Are All Right
5759,Life During Wartime
5760,Princess Kaiulani
5761,Love Me Tender
5762,My Bloody Valentine
5763,From a Whisper to a Scream
5764,Little Women
5765,Super Troopers
5766,Picnic
5767,Lost & Found
5768,Mrs. Winterbourne
5769,Not of This Earth
5770,Dead Heat
5771,Meteor
5772,The House on Sorority Row
5773,Vampires Suck
5774,Breezy
5775,Final Exam
5776,Trapeze
5777,Meet Wally Sparks
5778,Original Gangstas
5779,Girl Shy
5780,Cheyenne Autumn
5781,Meet the Deedles
5782,Gate II
5783,I Hate Luv Storys
5784,Loose Cannons
5785,The Green Hornet
5786,50/50
5787,Punchline
5788,The Man Who Copied
5789,Norma Rae
5790,Ironweed
5791,Myra Breckinridge
5792,Beware! The Blob
5793,The Keeper
5794,Wisdom
5795,9½ Dates
5796,Don 2
5797,I Am Love
5798,Hum Tum Aur Ghost
5799,To Save a Life
5800,Men in Black 3
5801,Plenty
5802,Bhagam Bhag
5803,The Illusionist
5804,The Switch
5805,Heartbreaker
5806,Legend of the Guardians: The Owls of Ga'Hoole
5807,A Place Called Chiapas
5808,Step Up 3D
5809,Private Lessons
5810,Faster
5811,One from the Heart
5812,The First Power
5813,Silver Hawk
5814,Zyzzyx Road
5815,Let Me In
5816,The Round Up
5817,Firestorm
5818,Paranormal Activity 2
5819,Saw 3D
5820,Scream 4
5821,My Favorite Wife
5822,The Joneses
5823,6 Souls
5824,Fateless
5825,The Smurfs
5826,Yogi Bear
5827,Ra.One
5828,Mr. Hobbs Takes a Vacation
5829,The Romantics
5830,StreetDance 3D
5831,The Three Musketeers
5832,No Strings Attached
5833,Ghost in the Machine
5834,My Life
5835,Christopher Columbus: The Discovery
5836,Plus One
5837,Chasing Ghosts
5838,Desert Blue
5839,Due Date
5840,Man's Best Friend
5841,Passion Fish
5842,A Rage in Harlem
5843,Black Robe
5844,Mississippi Masala
5845,Heart Condition
5846,Mo' Better Blues
5847,Surviving Picasso
5848,Bandolero!
5849,The Damned
5850,Blood Done Sign My Name
5851,Baadshah
5852,Making Love
5853,Physical Evidence
5854,Criminal Law
5855,Antikiller
5856,Track 29
5857,High Security Vacation
5858,The Great Yokai War
5859,Kangaroo
5860,King David
5861,Baby It's You
5862,Tender Mercies
5863,The Grey Fox
5864,The Hand
5865,Down Terrace
5866,Never Let Me Go
5867,Tekken
5868,Good Guys Wear Black
5869,The Big Fix
5870,The Legacy
5871,Bobby Deerfield
5872,Empire of the Ants
5873,Julia
5874,Ode to Billy Joe
5875,The Missouri Breaks
5876,Catfish
5877,Burlesque
5878,The Molly Maguires
5879,For Queen & Country
5880,The Flim-Flam Man
5881,The Girl by the Lake
5882,Harry and Tonto
5883,Macon County Line
5884,The Apprenticeship of Duddy Kravitz
5885,Up the Sandbox
5886,The Big Doll House
5887,Angels Die Hard
5888,Sadie Thompson
5889,The Double Hour
5890,Life with Mikey
5891,Darling Lili
5892,Medium Cool
5893,Our Dancing Daughters
5894,Sweet Charity
5895,Winning
5896,Finian's Rainbow
5897,"Rachel, Rachel"
5898,The Detective
5899,The Vikings
5900,Five Star Final
5901,Skyline
5902,The Night of the Generals
5903,Road to Nowhere
5904,Bo
5905,Three Little Words
5906,The Moon-Spinners
5907,The Newton Boys
5908,The Champ
5909,Crossroads
5910,The Boys
5911,The Boys III
5912,Cimarron
5913,Best Foot Forward
5914,How Do You Know
5915,The Virginity Hit
5916,Arthur 3: The War of the Two Worlds
5917,Once Upon a Time in Mumbaai
5918,Taras Bulba
5919,Never on Sunday
5920,The Adventures of Huckleberry Finn
5921,Where the Boys Are
5922,Al Capone
5923,Ghostbusters
5924,This Is Sodom
5925,Roadgames
5926,The Killer Shrews
5927,The Son of Kong
5928,Everybody Sing
5929,Andy Hardy's Double Life
5930,Ziegfeld Follies
5931,Deep in My Heart
5932,My Dear Desperado
5933,I Was a Teenage Werewolf
5934,Friendly Persuasion
5935,How Green Was My Valley
5936,The Great Ziegfeld
5937,A Guy Named Joe
5938,Artists and Models
5939,Demetrius and the Gladiators
5940,Old Gringo
5941,Love & Other Drugs
5942,Robot Monster
5943,The Belle of New York
5944,King Solomon's Mines
5945,Summer Stock
5946,Challenge to Lassie
5947,Yuva
5948,Carlos
5949,Romance on the High Seas
5950,The Miracle of the Bells
5951,Gumby: The Movie
5952,Love Laughs at Andy Hardy
5953,Yolanda and the Thief
5954,Kismet
5955,Thank Your Lucky Stars
5956,The Sky's the Limit
5957,I Married an Angel
5958,The Next Three Days
5959,Bathing Beauty
5960,Vanishing on 7th Street
5961,Before and After
5962,Piranha 3D
5963,She Done Him Wrong
5964,Dancing Lady
5965,My Own Love Song
5966,The Valley of Decision
5967,"Lula, the Son of Brazil"
5968,Edward II
5969,"The Bread, My Sweet"
5970,Stateside
5971,The Barretts of Wimpole Street
5972,The Little Traitor
5973,Love Affair
5974,The Killing Jar
5975,Andy Hardy Meets Debutante
5976,New Moon
5977,Waterloo Bridge
5978,Alexander's Ragtime Band
5979,Love Finds Andy Hardy
5980,Sweethearts
5981,The Girl of the Golden West
5982,Maytime
5983,Stage Door
5984,The Prisoner of Zenda
5985,Mary of Scotland
5986,Rose Marie
5987,San Francisco
5988,The Charge of the Light Brigade
5989,Alice Adams
5990,Annie Oakley
5991,Naughty Marietta
5992,The Informer
5993,David Copperfield
5994,Hatchet II
5995,It's Kind of a Funny Story
5996,"Tomorrow, When the War Began"
5997,My Soul to Take
5998,Monsters
5999,Dylan Dog: Dead of Night
6000,Like Dandelion Dust
6001,Freakonomics
6002,I Spit on Your Grave
6003,Flipped
6004,Tyler Perry's Meet The Browns - The Play
6005,Soul Surfer
6006,Another Year
6007,Logan
6008,Devil
6009,Shadow of a Woman
6010,Unstoppable
6011,The Pastry Girl
6012,Undercurrent
6013,Stone
6014,127 Hours
6015,The Company Men
6016,Wild Target
6017,I Murder Seriously
6018,Dreaming Lhasa
6019,Timebomb
6020,Black Swan
6021,Cruel World
6022,The Minis
6023,City Under Siege
6024,True Grit
6025,Twist
6026,Company Man
6027,Chuck & Buck
6028,Mughal-e-Azam
6029,Peepli Live
6030,Aftershock
6031,The Dilemma
6032,Khatta Meetha
6033,Anjaana Anjaani
6034,The King of Fighters
6035,Perfect Opposites
6036,Hereafter
6037,Lafangey Parindey
6038,Animal Kingdom
6039,Woman Thou Art Loosed
6040,The Tempest
6041,Inside Job
6042,Moscow Chill
6043,Reckless Kelly
6044,Gold Diggers of Broadway
6045,The Born Losers
6046,Twelfth Night
6047,In a Better World
6048,Get Low
6049,Little Fauss and Big Halsy
6050,Deadly Delicious
6051,Margaret
6052,Dodging the Clock
6053,Forever Fever
6054,Hugo
6055,Battleship
6056,Hesher
6057,Yulenka
6058,The Claim
6059,The Grandmaster
6060,4.3.2.1
6061,Poor White Trash
6062,Rango
6063,The Time That Remains
6064,Green Lantern
6065,Battle: Los Angeles
6066,For Colored Girls
6067,Trust
6068,The King Is Dancing
6069,Dhoom 3
6070,Golmaal 3
6071,Screen Door Jesus
6072,Conviction
6073,Eve of Destruction
6074,Edison And Leo
6075,Super
6076,Eve's Bayou
6077,Madame Bovary
6078,The Big Picture
6079,The Hangover Part II
6080,Do Not Disturb!
6081,The King's Speech
6082,Country Strong
6083,Udaan
6084,The Fighter
6085,Casino Jack
6086,Fatal
6087,The World of Suzie Wong
6088,Machine Gun Preacher
6089,Source Code
6090,Rubber
6091,The Ward
6092,Everything Must Go
6093,Play the Game
6094,Gloria
6095,Saint
6096,Me Too
6097,Time Changer
6098,Gnomeo & Juliet
6099,Man of La Mancha
6100,Saratoga
6101,FRED: The Movie
6102,Best Friends
6103,Happy Times
6104,When a Stranger Calls
6105,Revelation
6106,Maléfique
6107,Night Falls on Manhattan
6108,Two Much
6109,The Hot Rock
6110,The Air Up There
6111,Made in Dagenham
6112,Troll Hunter
6113,The Thief
6114,The Wild North
6115,Rio
6116,Don't Be Afraid of the Dark
6117,Constellation
6118,Disappearances
6119,Of Gods and Men
6120,Four Eyed Monsters
6121,Honeymoon Travels Pvt. Ltd.
6122,Manorama Six Feet Under
6123,The Loved Ones
6124,Guy and Madeline on a Park Bench
6125,New Kids Turbo
6126,The Warrior's Way
6127,I Am Number Four
6128,Cimarron
6129,The End of Violence
6130,Waste Land
6131,Joe
6132,Blue Valentine
6133,Intersection
6134,Incendies
6135,Son of the Pink Panther
6136,Barney's Version
6137,Tucker and Dale vs. Evil
6138,Eye of the Dolphin
6139,The Swarm
6140,Quiet City
6141,Visiting Hours
6142,Living Out Loud
6143,The Treatment
6144,Being Human
6145,The Point Men
6146,Power
6147,Copacabana
6148,BlackJack
6149,Blue Car
6150,Uranya
6151,Brenda Starr
6152,The Extra Man
6153,The Pit and the Pendulum
6154,Antares
6155,"Blood, Guts, Bullets and Octane"
6156,The Wind in the Willows
6157,"Aloha, Bobby and Rose"
6158,"Easy Come, Easy Go"
6159,Mother Teresa of Calcutta
6160,The King and I
6161,Casanegra
6162,Drive Angry
6163,Racing with the Moon
6164,Hellbent
6165,Faithful
6166,Peter-No-Tail
6167,The Edge
6168,Firepower
6169,Tiny Furniture
6170,Poison
6171,Spirit of the Forest
6172,My Friend Bernard
6173,"Bodies, Rest & Motion"
6174,Dream with the Fishes
6175,Restless
6176,Scenes from a Mall
6177,3 Strikes
6178,City of Joy
6179,Honky Tonk Freeway
6180,Lookin' to Get Out
6181,Mrs Palfrey at The Claremont
6182,Ruby in Paradise
6183,Sphinx
6184,The Gun in Betty Lou's Handbag
6185,Outside the Law
6186,The Seduction of Joe Tynan
6187,The Spitfire Grill
6188,Independence Day: Resurgence
6189,Three Wishes
6190,Under the Rainbow
6191,When Time Ran Out...
6192,Body Rock
6193,Young Doctors in Love
6194,The Adventures of Milo and Otis
6195,White Dog
6196,A Good Day to Die Hard
6197,xXx: Return of Xander Cage
6198,Little White Lies
6199,Run
6200,Unknown
6201,The Rite
6202,A Dangerous Method
6203,The Terrorist
6204,Crimes of the Heart
6205,The Debt
6206,Certified Copy
6207,Prison
6208,Parasite
6209,Sanctum
6210,"The Book of Mormon Movie, Volume 1: The Journey"
6211,Jism
6212,Welcome to the South
6213,Incident at Loch Ness
6214,Zenitram
6215,Thief of Hearts
6216,Detective Dee and the Mystery of the Phantom Flame
6217,Lynch Mob
6218,Red State
6219,Assassination
6220,Josh and S.A.M.
6221,Illegally Yours
6222,Vasool Raja MBBS
6223,Never Talk to Strangers
6224,Man Facing Southeast
6225,London Boulevard
6226,Ann Rule Presents: The Stranger Beside Me
6227,Vajont
6228,Hall Pass
6229,The Human Comedy
6230,The Way Back
6231,Hobo with a Shotgun
6232,Arthur
6233,Cars 2
6234,Cosmopolis
6235,Dracula Untold
6236,Insidious
6237,Killer Elite
6238,Something Borrowed
6239,The Dark Knight Rises
6240,Alaipayuthey
6241,The Bourne Legacy
6242,Gravity
6243,Dredd
6244,The Hobbit: An Unexpected Journey
6245,The Rocket
6246,Tentacles
6247,O Jerusalem
6248,Squeeze
6249,Dangerous Game
6250,Perfect
6251,Rough Cut
6252,Motorama
6253,Kung Fu Panda 2
6254,Get on the Bus
6255,The Eagle
6256,Tinker Tailor Soldier Spy
6257,Aap Mujhe Achche Lagne Lage
6258,The Croods
6259,The Change-Up
6260,Man of Steel
6261,R.I.P.D.
6262,Premium Rush
6263,Man on a Ledge
6264,John Carter
6265,In Time
6266,X-Men: First Class
6267,Russia 88
6268,The Living Forest
6269,The King of Kings
6270,Action Replayy
6271,Red Riding Hood
6272,The Five of Us
6273,Bad Moon
6274,Queens Logic
6275,I Saw the Devil
6276,The Daytrippers
6277,Cowboys & Aliens
6278,The Nutcracker
6279,End of the Line
6280,Fantasia 2000
6281,The Roommate
6282,The Savage Eye
6283,King Lear
6284,The Help
6285,Super Troopers 2
6286,Kolpaçino
6287,Lovely & Amazing
6288,Killing the Shadows
6289,The Ground Truth
6290,The Sign of the Cross
6291,Break Ke Baad
6292,Simpatico
6293,Burke & Hare
6294,The Junior Olsen Gang Rocks It
6295,Go Go Tales
6296,Mars Needs Moms
6297,Diary
6298,The Lincoln Lawyer
6299,Apollo 18
6300,Hop
6301,Summertime
6302,Black Sunday
6303,Mission London
6304,Hanna
6305,The Favor
6306,Anna Karenina
6307,The New Year's Rate Plan
6308,Evil Words
6309,Friends with Benefits
6310,Just Go with It
6311,Edge of the Empire
6312,Zonad
6313,5 Days of War
6314,Fortress of War
6315,The Twilight Saga: Breaking Dawn - Part 1
6316,The Twilight Saga: Breaking Dawn - Part 2
6317,The End of Poverty?
6318,"Crazy, Stupid, Love."
6319,Wanderlust
6320,"Silent Night, Deadly Night Part 2"
6321,Take Me Home Tonight
6322,The Beaver
6323,Burnt by the Sun
6324,Unfaithfully Yours
6325,American Adobo
6326,Martha Marcy May Marlene
6327,Margin Call
6328,Higher Ground
6329,Fort Apache Napoli
6330,Madea's Big Happy Family
6331,The Wounds
6332,Carmen Jones
6333,Arthur Christmas
6334,Monica's Gang in an Adventure in Time
6335,Winnie the Pooh
6336,La Parisienne
6337,Bigger Than the Sky
6338,71: Into the Fire
6339,The Body of My Enemy
6340,Heartbeats
6341,Dark World
6342,Morphine
6343,Lost on Journey
6344,Permanent Record
6345,Love's Labour's Lost
6346,"Lovely, Still"
6347,Beyond
6348,Delhi Safari
6349,Fast Five
6350,At Play in the Fields of the Lord
6351,Horrible Bosses
6352,Prom
6353,The Man from Nowhere
6354,The Wild Soccer Bunch 3
6355,Crook
6356,The Secret World of Arrietty
6357,One Day
6358,Limitless
6359,A Whole Life Ahead
6360,I Married a Strange Person!
6361,Salvation Boulevard
6362,Stake Land
6363,Big City
6364,The Company
6365,Nothing to Declare
6366,Wings of the Night
6367,The Man from Majorca
6368,The Toast of New York
6369,Lucie Aubrac
6370,A Blood Pledge
6371,Bad Teacher
6372,The Three Musketeers
6373,The Other Woman
6374,Underworld: Awakening
6375,Pavilion of Women
6376,Les Aristos
6377,Band Baaja Baaraat
6378,Hardbodies
6379,Falling in Love
6380,The Glass Menagerie
6381,Hitler's Kaput!
6382,Hell House
6383,Three Heroes and the Shamakhan Queen
6384,Star!
6385,Battles Without Honor and Humanity: Police Tactics
6386,Claire of the Moon
6387,The Turkish Gambit
6388,C.H.U.D. II: Bud the Chud
6389,Henry's Crime
6390,Kokowääh
6391,300: Rise of an Empire
6392,The Super
6393,Kutsal Damacana
6394,Patiala House
6395,What a Beautiful Day
6396,The Evil That Men Do
6397,Sarah's Key
6398,This Must Be the Place
6399,Welcome Danger
6400,Deadlands: The Rising
6401,Monopoly
6402,Macken - Roy's & Roger's Bilservice
6403,Rio Rita
6404,The Last of Mrs. Cheyney
6405,Star of Midnight
6406,Fashions of 1934
6407,Marilyn Hotchkiss' Ballroom Dancing & Charm School
6408,Carbon Copy
6409,Star Kid
6410,Search and Destroy
6411,One for the Money
6412,Mr. Saturday Night
6413,Star Trek Into Darkness
6414,Mickey
6415,The Water Horse
6416,Bliss
6417,Gamera: Guardian of the Universe
6418,Raavanan
6419,Indi
6420,The Star
6421,Justin Bieber: Never Say Never
6422,The Robber
6423,Mondays in the Sun
6424,The Duchess and the Dirtwater Fox
6425,The Pebble and the Penguin
6426,Misunderstood
6427,Paternity
6428,Starting Over
6429,Malevolence
6430,Firstborn
6431,Mickey
6432,The Grace Card
6433,The Amazing Truth About Queen Raquela
6434,Swoon
6435,Antônia
6436,Tumbleweeds
6437,Invitation to a Gunfighter
6438,Edge of Darkness
6439,Church Ball
6440,Shaolin
6441,"Veritas, Prince of Truth"
6442,Alvin and the Chipmunks: Chipwrecked
6443,Jeepers Creepers 3
6444,Beginners
6445,Dil Toh Baccha Hai Ji
6446,Another Earth
6447,Money for Nothing
6448,A Very Harold & Kumar Christmas
6449,Boom Town
6450,The Experts
6451,A Better Life
6452,Bridesmaids
6453,Win Win
6454,Plain Clothes
6455,Chikku Bukku
6456,Waltzing Anna
6457,Final Destination 5
6458,Water for Elephants
6459,Milaga
6460,Blitz
6461,Bereavement
6462,The Animatrix
6463,The Graduates
6464,The Beautiful Blonde from Bashful Bend
6465,Jonathan Livingston Seagull
6466,Cavalcade
6467,Spy Kids: All the Time in the World
6468,Mission: Impossible - Ghost Protocol
6469,7 Khoon Maaf
6470,Shadowboxing
6471,The Music Never Stopped
6472,Baywatch: Hawaiian Wedding
6473,Revenge
6474,The Perfect Game
6475,The Haunted House Project
6476,Kicked in the Head
6477,Fiza
6478,Just Visiting
6479,Atlas Shrugged: Part I
6480,The Bankers of God: The Calvi Affair
6481,The Last Circus
6482,Lassiter
6483,I Not Stupid
6484,We Believed
6485,Defamation
6486,Meet Monica Velour
6487,Athidhi
6488,Hoodwinked Too! Hood VS. Evil
6489,Jumping the Broom
6490,Young Adult
6491,The Hobbit: The Desolation of Smaug
6492,Wrath of the Titans
6493,Skinning
6494,The Lone Ranger
6495,Inadequate People
6496,War Horse
6497,Project X
6498,Pina
6499,Chameleon
6500,Largo Winch II
6501,Cat Run
6502,The Sitter
6503,Machan: La vera storia di una falsa squadra
6504,Black Bread
6505,The Last Time I Saw Paris
6506,The Greek Tycoon
6507,African Cats
6508,IMAX Dolphins and Whales: Tribes of the Ocean
6509,The Princess of Montpensier
6510,On the Hook!
6511,The Dove Hunter
6512,Ice Age: Continental Drift
6513,Six Degrees of Celebration
6514,Bride & Prejudice
6515,Area 51
6516,The Best Movie 3-DE
6517,Shanghai Surprise
6518,Housefull
6519,The Past Is a Foreign Land
6520,Fright Night
6521,Lessons of a Dream
6522,Mr. Popper's Penguins
6523,Chalet Girl
6524,Johnny English Reborn
6525,Upside Down
6526,Tanu Weds Manu
6527,The Innkeepers
6528,Pride and Prejudice and Zombies
6529,Boris: The Film
6530,Sherlock Holmes: A Game of Shadows
6531,Snow White and the Huntsman
6532,Closet Land
6533,Woo
6534,Bellflower
6535,Kaavalan
6536,Jackboots on Whitehall
6537,The Trigger Effect
6538,13 Assassins
6539,Snow Flower and the Secret Fan
6540,Grace of My Heart
6541,Hollywood & Wine
6542,Tower Heist
6543,Torrente 4: Lethal crisis
6544,Kinjite: Forbidden Subjects
6545,The Mother
6546,Deadlands 2: Trapped
6547,Cold Harvest
6548,I Not Stupid Too
6549,"Love, Wedding, Marriage"
6550,The Powerpuff Girls Movie
6551,My Friends: Act IV – How It All Began
6552,Paranormal Activity: Tokyo Night
6553,Midnight in Paris
6554,Warrior
6555,Attack the Block
6556,The 5th Quarter
6557,Cameron's Closet
6558,Bad Dreams
6559,Second Name
6560,Kick-Ass 2
6561,Monte Carlo
6562,Larry Crowne
6563,Safe House
6564,This Means War
6565,Dark Tide
6566,Cabin in the Sky
6567,Abduction
6568,Looper
6569,Our Idiot Brother
6570,Legends of Oz: Dorothy's Return
6571,"Love, Sex, and Eating the Bones"
6572,Come tu mi vuoi
6573,Judy Moody and the Not Bummer Summer
6574,Gamera 3: Revenge of Iris
6575,Five Graves to Cairo
6576,Countdown
6577,Dream.net
6578,A Separation
6579,Killer School Girls from Outer Space
6580,Hansel & Gretel: Witch Hunters
6581,Diary of a Wimpy Kid: Rodrick Rules
6582,Moneyball
6583,The Conspirator
6584,Like Crazy
6585,Another Happy Day
6586,Arabian Nights
6587,Hey Ram
6588,The Importance of Tying Your Own Shoes
6589,Arbitrage
6590,Hanamizuki
6591,How I Killed My Father
6592,Red Dawn
6593,Gang Tapes
6594,My Lai Four
6595,The Thing
6596,Guinevere
6597,Silent Hill: Revelation 3D
6598,Bummer 2
6599,Nadine
6600,Zindagi Na Milegi Dobara
6601,Office Romance. Our time
6602,Thank You
6603,Touch
6604,Titeuf
6605,Girl 6
6606,Rise of the Planet of the Apes
6607,The Painted Hills
6608,Courage of Lassie
6609,Anonymous
6610,Space Battleship Yamato
6611,Good Deeds
6612,Flypaper
6613,Neon Flesh
6614,The Fantasticks
6615,Brave
6616,Quest for Fire
6617,30 Minutes or Less
6618,Monsters University
6619,Dark Shadows
6620,Frankenweenie
6621,Melancholia
6622,Bimmer
6623,Gaturro: The Movie
6624,Money Not Enough 2
6625,"Turn Me On, Dammit!"
6626,The Devil's Double
6627,Bamako
6628,Two Weeks in Another Town
6629,Limbo
6630,Trackman
6631,Cry Wolf
6632,Lovey-Dovey 2
6633,Beachhead
6634,Singam
6635,Savages
6636,Mirror Mirror
6637,William & Kate
6638,Colombiana
6639,Dolphin Tale
6640,New Year's Eve
6641,A Distant Neighborhood
6642,Dum Maaro Dum
6643,The Perez Family
6644,Tea and Sympathy
6645,Intruders
6646,The Last Train
6647,About Loff
6648,PickUp: With no Rules
6649,The Skin I Live In
6650,Kutsal Damacana: Dracoola
6651,Marriage With a Liar
6652,Ye Maaya Chesave
6653,Telling Lies in America
6654,What's Your Number?
6655,The Ledge
6656,"Jo Jo Dancer, Your Life Is Calling"
6657,Joyful Noise
6658,The Left Hand of God
6659,The Ape
6660,Thillalangadi
6661,Pattiyal
6662,Day 6
6663,Sword-Bearer
6664,Antidur
6665,West Is West
6666,Viper's Nest
6667,The Return of Musketeers or the Treasure of Cardinal Mazarini
6668,Let Him Have It
6669,Spring Will Soon Be Here
6670,Kings Can Do Everything
6671,Gloss
6672,Little Ghost
6673,The Muppets
6674,A Driver for Vera
6675,Alex the Ram
6676,Sleeping Beauty
6677,Hidden 3D
6678,Total Recall
6679,Straw Dogs
6680,The Great Gatsby
6681,Extremely Loud & Incredibly Close
6682,47 Ronin
6683,21 Jump Street
6684,Killing Them Softly
6685,Drive
6686,Take Shelter
6687,Love! Valour! Compassion!
6688,Grudge Match
6689,Push
6690,London After Midnight
6691,This Property Is Condemned
6692,Shark Night 3D
6693,The Descendants
6694,Going in Style
6695,The Woman in Black
6696,Dust
6697,Cheetah
6698,The Broadway Melody
6699,The Silver Chalice
6700,He Knows You're Alone
6701,The Pharmacist
6702,The Judas Project
6703,Endangered Species
6704,Penitentiary II
6705,Raintree County
6706,Pyaar Ka Punchnama
6707,Kongsi
6708,Grand Central Murder
6709,Dreaming of Space
6710,The Good Doctor
6711,Farewell to Space Battleship Yamato
6712,The Girl with the Dragon Tattoo
6713,Happy Feet Two
6714,Wild Bill
6715,Manuelita
6716,Ready
6717,Prince Valiant
6718,Mad Dog Time
6719,The Monk
6720,Red Dog
6721,Life in a Day
6722,The Perfect Host
6723,Veyyil
6724,A Damsel in Distress
6725,Thiruvannamalai
6726,Mudhalvan
6727,Gentleman
6728,A Thousand Acres
6729,Dingo
6730,Delhi Belly
6731,Hard Contract
6732,Cavite
6733,Armed Response
6734,3-D Sex and Zen: Extreme Ecstasy
6735,Think Like a Man
6736,Glee: The Concert Movie
6737,A Warm December
6738,Snowtown
6739,"Come Back to the 5 & Dime, Jimmy Dean, Jimmy Dean"
6740,Bucky Larson: Born to Be a Star
6741,The Guard
6742,Aadukalam
6743,Escape from Planet Earth
6744,Sankofa
6745,Daughters of the Dust
6746,Paradise
6747,Black Friday
6748,Django Unchained
6749,Iron Man 3
6750,The Master
6751,Elysium
6752,Pacific Rim
6753,Trance
6754,Oz the Great and Powerful
6755,Silence
6756,Argo
6757,Warcraft
6758,Seventh Son
6759,The Iceman
6760,Footloose
6761,The Ice Storm
6762,Coney Island
6763,Nur Kasih The Movie
6764,The Dark Backward
6765,Aegan
6766,Citizen
6767,Dheena
6768,Kireedam
6769,Varalaru
6770,Aalwar
6771,Thirupathi
6772,Paramasivan
6773,Ji
6774,Jana
6775,Anjaneya
6776,Ennai Thalatta Varuvala
6777,Raja
6778,Aasai
6779,Kadhal Kottai
6780,Unnai Kodu Ennai Tharuven
6781,Kandukondain Kandukondain
6782,Amarkalam
6783,Vaali
6784,Vandae Maatharam
6785,Manikanda
6786,Aanai
6787,Jai Surya
6788,Parasuram
6789,Suyamvaram
6790,Sarvam
6791,Va
6792,Polladhavan
6793,Pudhupettai
6794,Aayirathil Oruvan
6795,Written on the Wind
6796,Dream House
6797,Cicakman
6798,Shaitan
6799,The Inbetweeners Movie
6800,The Man Who Loved Women
6801,Trap.com
6802,Falling from Grace
6803,The House of Sun
6804,Bullet to the Head
6805,The Hunger Games
6806,The Cheat
6807,Josh
6808,CrissCross
6809,Haywire
6810,The Raven
6811,The Stewardesses
6812,A Little Night Music
6813,Trespass
6814,Setup
6815,Singham
6816,Dirty Girl
6817,Ruby
6818,Sunday
6819,The Last Godfather
6820,I Don't Know How She Does It
6821,Anna Karenina
6822,Prometheus
6823,People - Jet set 2
6824,Belukar
6825,Tender May
6826,Umrao Jaan
6827,Platon
6828,Lovesick
6829,The Darkest Hour
6830,Totally True Love
6831,Fascination
6832,American Reunion
6833,Piranha 3DD
6834,Ghost Rider: Spirit of Vengeance
6835,Resident Evil: Retribution
6836,Xuxinha and Guto Against the Space Monsters
6837,The Iron Lady
6838,Moscow Gold
6839,Shipwrecked
6840,Bonzaïon
6841,Street Racer
6842,We Need to Talk About Kevin
6843,The Odd Life of Timothy Green
6844,Jack and Jill
6845,Five Corners
6846,Tequila Body Shots
6847,House of Dark Shadows
6848,Night of Dark Shadows
6849,Stunts
6850,The Glass Shield
6851,Garv: Pride and Honour
6852,Bloodhounds of Broadway
6853,Ted
6854,Carnage
6855,Aarakshan
6856,World War Z
6857,The Pirates! In an Adventure with Scientists!
6858,The Five-Year Engagement
6859,Courageous
6860,Mexican Bloodbath
6861,The Last Wave
6862,Abraham Lincoln: Vampire Hunter
6863,Chimpanzee
6864,Partners
6865,Eyes of Fire
6866,A Thousand Words
6867,Peeples
6868,Safe
6869,Red Tails
6870,Once Upon a Warrior
6871,Suicide Room
6872,Lightning Strikes Twice
6873,Journey 2: The Mysterious Island
6874,G.I. Joe: Retaliation
6875,L'Anniversaire
6876,The Vow
6877,Paranormal Activity 3
6878,Nirvana
6879,The Host
6880,Newlyweds
6881,The Loft
6882,Hadewijch
6883,Amigo
6884,Lincoln
6885,House of Fools
6886,A Third Wish
6887,Romantic Blue
6888,The Nutcracker
6889,Heartbeeps
6890,Campus Man
6891,The Double
6892,Bakhit and Bakhita
6893,Le Havre
6894,Killer Joe
6895,Indigo
6896,Sparrows
6897,Mermaid
6898,Where Got Ghost?
6899,Costa!
6900,The Lorax
6901,The Last Man on Earth
6902,Albert Nobbs
6903,The Big Year
6904,Pariah
6905,Eski Açık Sarı Desene
6906,Creature
6907,My Best Girl
6908,Ayurveda: Art of Being
6909,All the Time in the World
6910,Lana's Rain
6911,Romeo & Juliet: Sealed with a Kiss
6912,The House of Usher
6913,My Quick Way Out
6914,Tingles
6915,Goon
6916,Mere Brother Ki Dulhan
6917,We Bought a Zoo
6918,Antisex
6919,Lovely Molly
6920,Special Forces
6921,The Best Exotic Marigold Hotel
6922,The Son of No One
6923,Overheard 2
6924,The Artist
6925,Kill List
6926,The Fan
6927,Seeking Justice
6928,The Playaz Court
6929,Battle Hymn
6930,King of the Mountain
6931,Boys
6932,Absolutely Fabulous
6933,The Grey
6934,Welcome Aboard
6935,The Bambi Effect
6936,Dabbe
6937,Beremennyy
6938,Isn't She Great
6939,Oblivion
6940,Rampart
6941,Evangelion: 3.0 You Can (Not) Redo
6942,Red Lights
6943,Now You See Me
6944,Act of Valor
6945,John Dies at the End
6946,Jack Reacher
6947,Belle of the Nineties
6948,The House on Carroll Street
6949,Rascals
6950,My Week with Marilyn
6951,The Miracle of Marcelino
6952,Love Letters
6953,Shame
6954,Tina Turner: Live In Amsterdam - Wildest Dreams Tour
6955,The Expendables 2
6956,The Wolverine
6957,Red Eagle: The Movie
6958,12 Years a Slave
6959,Bopha!
6960,Percy Jackson: Sea of Monsters
6961,Thor: The Dark World
6962,Mad Max: Fury Road
6963,1911 - Revolution
6964,The Soldier
6965,The Devil Inside
6966,The Three Stooges
6967,Hotel Transylvania
6968,The Dictator
6969,What to Expect When You're Expecting
6970,Meet the Applegates
6971,Christian Brothers
6972,Man of Tai Chi
6973,Avatar: The Way of Water
6974,Texas Chainsaw 3D
6975,Pompeii
6976,Sidewalls
6977,The Inugami Family
6978,Chronicle
6979,Smithereens
6980,Jupiter Ascending
6981,The Flowers of War
6982,Mankatha
6983,Chennai 600028
6984,Ask Any Girl
6985,Gerry
6986,Samar
6987,Box Office 3D: The Filmest of Films
6988,End of Watch
6989,Romantic Comedy
6990,Sunny
6991,ParaNorman
6992,Broadway Bill
6993,Black Gold
6994,Paradise Road
6995,The Intouchables
6996,A Monster in Paris
6997,Where Do We Go Now?
6998,Your Friends & Neighbors
6999,Sleep Tight
7000,Det' jo løgn
7001,Lovelace
7002,Contraband
7003,Playing for Keeps
7004,The Lucky One
7005,The Possession
7006,Trois
7007,Magic Mike
7008,The Smurfs 2
7009,The Worst Week of My Life
7010,The Cold Light of Day
7011,The Awakening
7012,Turbo
7013,Walking with Dinosaurs
7014,The Campaign
7015,Only God Forgives
7016,Motorkavaljerer
7017,Silk Shoes
7018,A Home of Our Own
7019,Tough Guys Don't Dance
7020,"An Alan Smithee Film: Burn, Hollywood, Burn"
7021,Lan Kwai Fong
7022,Lianna
7023,Chicken with Plums
7024,"Não Se Preocupe, Nada Vai Dar Certo!"
7025,Lucky Lady
7026,Twixt
7027,Sea Rex 3D: Journey to a Prehistoric World
7028,Steal Big Steal Little
7029,Beneath the Darkness
7030,Top Cat: The Movie
7031,Kerala Varma Pazhassi Raja
7032,Big Miracle
7033,Lost Place
7034,Weekend
7035,War of the Arrows
7036,Reincarnation
7037,Leef!
7038,Devil's Due
7039,Black Serenade
7040,Rockstar
7041,Yaar Anmulle
7042,The Front Line
7043,Beat the Drum
7044,The Tie That Binds
7045,Eyes of a Stranger
7046,Sagar Alias Jacky Reloaded
7047,Chithiram Pesuthadi
7048,The Apparition
7049,Nicostratos the Pelican
7050,In the Land of Blood and Honey
7051,Camilla
7052,Dhada
7053,Catcher: Cat City 2
7054,Pranchiyettan & The Saint
7055,The Pope Must Die
7056,Tim and Eric's Billion Dollar Movie
7057,Yes Boss
7058,I Love Melvin
7059,The Watch
7060,Green Fire
7061,A Farewell to Arms
7062,LOL
7063,Ender's Game
7064,The Impossible
7065,[REC]³ Genesis
7066,Oosaravelli
7067,Open My Heart
7068,Madagascar 3: Europe's Most Wanted
7069,Louis C.K.: Live at the Beacon Theater
7070,Get the Gringo
7071,Rock of Ages
7072,W.E.
7073,"Connected: An Autoblogography About Love, Death & Technology"
7074,Simhadri
7075,Myths and Legends: The New Alliance
7076,Repentance
7077,Jack the Giant Slayer
7078,Salmon Fishing in the Yemen
7079,Running Time
7080,Happy
7081,Big Brown Eyes
7082,Rise of the Guardians
7083,Kinyarwanda
7084,Everything Put Together
7085,The Dirty Picture
7086,Shadow Boxing 3. The Final Round
7087,A Lonely Place to Die
7088,The Turin Horse
7089,The Baytown Outlaws
7090,Silenced
7091,Love is All
7092,Lockout
7093,It Runs in the Family
7094,To Rome with Love
7095,Alps
7096,Flying Swords of Dragon Gate
7097,The Painted Veil
7098,"Me, You, Them"
7099,After Office Hours
7100,The Paperboy
7101,Mutum
7102,Hamilton: In the Interest of the Nation
7103,The Kick
7104,7th Heaven
7105,House at the End of the Street
7106,Sinister
7107,Savages
7108,"Jeff, Who Lives at Home"
7109,Girl in Progress
7110,Lawless
7111,Diary of a Wimpy Kid: Dog Days
7112,Warm Bodies
7113,Taken 2
7114,Fun Size
7115,Gangster Squad
7116,The Guilt Trip
7117,Wreck-It Ralph
7118,Silver Linings Playbook
7119,Les Misérables
7120,Hope Springs
7121,After Earth
7122,How to Train Your Dragon 2
7123,Mr. Peabody & Sherman
7124,Kahaani
7125,Paranormal Activity 4
7126,Fast & Furious 6
7127,Heroes
7128,Blue City
7129,Escape from Fort Bravo
7130,The Color Wheel
7131,Love Child
7132,From Up on Poppy Hill
7133,Cloud Atlas
7134,Middle of Nowhere
7135,Moonrise Kingdom
7136,The Words
7137,On the Road
7138,October Baby
7139,You're Next
7140,Na Tum Jaano Na Hum
7141,Vaah! Life Ho Toh Aisi!
7142,For the First Time
7143,Wilson
7144,One Night of Love
7145,Karusellen går
7146,Perhaps a Gentleman
7147,2 Days in New York
7148,Bachelorette
7149,Beasts of the Southern Wild
7150,Compliance
7151,The First Time
7152,"For a Good Time, Call..."
7153,Hearts of the West
7154,Trader Horn
7155,Bad Girl
7156,Lay the Favorite
7157,Robot & Frank
7158,Safety Not Guaranteed
7159,Searching for Sugar Man
7160,Shadow Dancer
7161,Smashed
7162,Your Sister's Sister
7163,Kaaryasthan
7164,Marykkundoru Kunjaadu
7165,Sholem Aleichem: Laughing In The Darkness
7166,Bully
7167,Stooges
7168,Agneepath
7169,The Perks of Being a Wallflower
7170,Welcome to the North
7171,Housefull 2
7172,Happy Family
7173,Rich Kids
7174,Boyhood
7175,Girl Play
7176,A Few Best Men
7177,Step Up Revolution
7178,Twilight Portrait
7179,Joy of Sex
7180,Elles
7181,The Seventh Cross
7182,Men in Hope
7183,Karate-Robo Zaborgar
7184,Moy paren - angel
7185,ACAB : All Cops Are Bastards
7186,My Way
7187,Magic to Win
7188,Filth
7189,The Student Teachers
7190,Ek Tha Tiger
7191,Tezz
7192,Like You Know It All
7193,Bel Ami
7194,"Tom, Dick and Harry"
7195,7Aum Arivu
7196,Bodyguard
7197,Red Lips
7198,Stoker
7199,Inside Llewyn Davis
7200,Noah
7201,Amour
7202,Seven Psychopaths
7203,Would I Lie to You? 3
7204,Big Eyes
7205,Terminator Genisys
7206,Crackers
7207,17 Girls
7208,Riddick
7209,That's My Boy
7210,Foxcatcher
7211,The Company You Keep
7212,The East
7213,Flight
7214,Skyjacked
7215,Oldboy
7216,The Sea of Grass
7217,Bulletproof
7218,The Big Wedding
7219,Jefferson in Paris
7220,Movie 43
7221,Trouble with the Curve
7222,Here Comes the Boom
7223,Life of Pi
7224,Seeking a Friend for the End of the World
7225,Sparkle
7226,Parental Guidance
7227,Whispers in the Dark
7228,Manny & Lo
7229,A Royal Affair
7230,The Proud Rebel
7231,"Yes, Giorgio"
7232,Chapiteau Show: Love and Friendship - Part 1
7233,There Goes My Baby
7234,Johnny The Partisan
7235,Journey to the Center of the Earth
7236,J. Edgar
7237,The Oranges
7238,Angel Town
7239,Positive I.D.
7240,New Suit
7241,The Junior Olsen Gang and the Black Gold
7242,This Is 40
7243,Conquest 1453
7244,Eyes of Crystal
7245,Clash of the Wolves
7246,ATM
7247,Samsara
7248,Seven Seas Pirates
7249,"Pink Ribbons, Inc."
7250,Paws
7251,Now Is Good
7252,Blue Fin
7253,Hum Tumhare Hain Sanam
7254,Corporal vs. Napoleon
7255,L!fe Happens
7256,Late Autumn
7257,Punch
7258,The King of Pigs
7259,Battle Circus
7260,Cook County
7261,Transformers: Age of Extinction
7262,Violet & Daisy
7263,Insidious: Chapter 2
7264,Night Must Fall
7265,Fear No Evil
7266,Behind the Burly Q
7267,Silent House
7268,Willie and Phil
7269,Pandora's Box
7270,1895 in Formosa
7271,Edwin Boyd: Citizen Gangster
7272,Bernie
7273,The Naked Witch
7274,Crazy Eyes
7275,A River Called Titas
7276,Beloved
7277,No Looking Back
7278,Despicable Me 2
7279,Karan Arjun
7280,Someday This Pain Will Be Useful to You
7281,Welcome to the Punch
7282,So Undercover
7283,A Flat for Three
7284,Chernobyl Diaries
7285,My Way
7286,Skin Deep
7287,Zarafa
7288,El Condor
7289,The Raid
7290,Alex Cross
7291,The Boost
7292,The Badlanders
7293,About Cherry
7294,7 Days in Havana
7295,Detention
7296,The Pleasure Seekers
7297,This Could Be the Night
7298,Native
7299,Bridget Jones's Baby
7300,Traffic in Souls
7301,Remington and the Curse of the Zombadings
7302,Lögnens pris
7303,Working Girls
7304,Leo
7305,Outlaws - For Greater Glory
7306,Burnface
7307,Gable and Lombard
7308,Diaz - Don't Clean Up This Blood
7309,Rush
7310,Anna Karenina
7311,"Peter Gabriel: New Blood, Live In London"
7312,The Bling Ring
7313,Temptation: Confessions of a Marriage Counselor
7314,RoboCop
7315,Vedam
7316,Rust and Bone
7317,The Place Beyond the Pines
7318,Under the Skin
7319,The Man with the Iron Fists
7320,The Courier
7321,Lost Horizon
7322,Deadfall
7323,Zero Dark Thirty
7324,Francis of Assisi
7325,Captive
7326,The Samaritan
7327,Warriors of the Rainbow: Seediq Bale - Part 1: The Sun Flag
7328,Broken City
7329,The Lost Squadron
7330,"Sister, Sister"
7331,Wuthering Heights
7332,Hitler's Children
7333,The Myth of Fingerprints
7334,New Perfect Two
7335,People Like Us
7336,Teenage Mutant Ninja Turtles
7337,Chinese Zodiac
7338,April Maadhathil
7339,Kalavani
7340,The Devil Makes Three
7341,Last Minute Marocco
7342,Central Airport
7343,Rampage
7344,Asterix & Obelix: God Save Britannia
7345,Moonshine County Express
7346,Avengers: Age of Ultron
7347,Dumb and Dumber To
7348,Mars
7349,"I, Frankenstein"
7350,Captain America: The Winter Soldier
7351,Vikingdom
7352,That Very Karloson!
7353,The Blue Bird
7354,Coriolanus
7355,Katy Perry: Part of Me
7356,The Hunger Games: Catching Fire
7357,The Afflicted
7358,A Fantastic Fear of Everything
7359,Mother's Day
7360,Like Someone in Love
7361,The Spy
7362,HOUBA! On the Trail of the Marsupilami
7363,The 13th Alley
7364,Chaahat
7365,Trimurti
7366,Dead Man Down
7367,The Amazing Spider-Man 2
7368,Rowdy Rathore
7369,Maleficent
7370,Byzantium
7371,Two Rabbits
7372,Ant-Man
7373,Submersion of Japan
7374,Holy Motors
7375,Ruby Sparks
7376,Madea's Witness Protection
7377,Maniac
7378,The Hunt
7379,Paradise: Love
7380,Mud
7381,Emma
7382,The Good Mother
7383,Noah's Ark
7384,Tom Sawyer
7385,The Lords of Salem
7386,Iceman
7387,The Touch
7388,Grandmaster
7389,The House in the Wind of the Dead
7390,The Good Dinosaur
7391,Crooked Arrows
7392,Bezerra de Menezes: O Diário de um Espírito
7393,The Junior Olsen Gang and the Master Thief
7394,The Wolf of Wall Street
7395,Machete Kills
7396,April Love
7397,Summer Window
7398,Green Ice
7399,23:59
7400,Exposed
7401,Iron Claw the Pirate
7402,Virsa
7403,21 & Over
7404,Escape Plan
7405,Bhoot
7406,The World's End
7407,Native Son
7408,Dreaming of Joseph Lees
7409,A Woman Rebels
7410,Saint Joan
7411,Cass Timberlane
7412,Face-Off
7413,The Mysterious Lady
7414,Firecrosser
7415,The Counselor
7416,Passion
7417,This Is Elvis
7418,42
7419,This Is the End
7420,Battle of the Year
7421,Grown Ups 2
7422,Side Effects
7423,Captain Phillips
7424,Evil Dead
7425,Identity Thief
7426,The Hangover Part III
7427,Anchorman 2: The Legend Continues
7428,Frozen
7429,Cloudy with a Chance of Meatballs 2
7430,Drop Squad
7431,Beautiful Creatures
7432,Hit & Run
7433,The Canyons
7434,Our Modern Maidens
7435,Hate Story
7436,The Date
7437,Rich and Famous
7438,The Sapphires
7439,Thérèse
7440,Blood of Dracula
7441,Hard to Be a God
7442,Snowpiercer
7443,"Camille Claudel, 1915"
7444,Wabash Avenue
7445,The Wicked Lady
7446,Hank Williams First Nation
7447,Adore
7448,White Tiger
7449,Tell It to the Marines
7450,CBGB
7451,Gabbar Singh
7452,Miranda
7453,The Family
7454,The Gorgeous Hussy
7455,Fatso!
7456,Hitchcock
7457,The Bride Walks Out
7458,Tholi Prema
7459,The Bride Wore Red
7460,Bol Bachchan
7461,The Oogieloves in the Big Balloon Adventure
7462,Safe Haven
7463,A Polish Vampire in Burbank
7464,Inchon
7465,The Sessions
7466,Night Rush
7467,A Yank at Oxford
7468,Pitch Perfect
7469,Shikshanachya Aaicha Gho
7470,Bikini Spring Break
7471,Out on a Limb
7472,Between Us
7473,Stitches
7474,Paranoia
7475,Jobs
7476,The Angrez
7477,"Enemies, a Love Story"
7478,Paddington
7479,Another Woman's Life
7480,The Sweeney
7481,Tiger Warsaw
7482,Epic
7483,The Internship
7484,The Secret Life of Walter Mitty
7485,Sextette
7486,Foodfight!
7487,Preacherman
7488,White House Down
7489,Olympus Has Fallen
7490,Vishwaroopam
7491,Naach
7492,Calendar Girl
7493,Yossi
7494,Gangs of Wasseypur - Part 1
7495,Department
7496,Cocktail
7497,Diana
7498,Guardians of the Galaxy
7499,"First Love, Last Rites"
7500,Valley of the Kings
7501,English Vinglish
7502,How Much Further
7503,Hurry Sundown
7504,Bait
7505,Living in a Big Way
7506,Aaranya Kaandam
7507,Parker
7508,"Hetalia: Axis Powers: Paint It, White!"
7509,Dawn of the Planet of the Apes
7510,Supercapitalist
7511,The Adventures of Marco Polo
7512,Behind the Candelabra
7513,Thunderstruck
7514,The Monkey King
7515,Household Saints
7516,The Grand Budapest Hotel
7517,The Childhood of Icarus
7518,The Adventures of Mark Twain
7519,Any Number Can Play
7520,Bwakaw
7521,Buona giornata
7522,Golden Earrings
7523,And Peace on Earth
7524,Love and Happiness
7525,Zaytoun
7526,Twice Born
7527,The Reluctant Fundamentalist
7528,Bitter Sweet
7529,"Tad, the Lost Explorer"
7530,Johan
7531,Quartet
7532,Lore
7533,Assassin's Creed
7534,It Was the Son
7535,Spring Breakers
7536,Something in the Air
7537,When a Man Loves
7538,I'm Dancing as Fast as I Can
7539,Universal Soldier: Day of Reckoning
7540,About Time
7541,The Hobbit: The Battle of the Five Armies
7542,Aftershock
7543,The Bay
7544,No One Lives
7545,Pieta
7546,The Mortal Instruments: City of Bones
7547,Dragon Seed
7548,The Act of Killing
7549,The Last of the Finest
7550,Say Uncle
7551,Jism 2
7552,The Adventures of Lucky Pierre
7553,The Incredible Burt Wonderstone
7554,Godzilla
7555,SOS: Summer of Suspense
7556,Love Is All You Need
7557,Ernest & Celestine
7558,Compromising Positions
7559,2016: Obama's America
7560,Alien: Covenant
7561,Acts of Death
7562,What Maisie Knew
7563,Finding Dory
7564,Stolen
7565,Raaz 3
7566,Barfi!
7567,Disconnect
7568,The Railway Man
7569,X-Men: Days of Future Past
7570,Clandestine Childhood
7571,Shahid
7572,Not Fade Away
7573,The Women of Brewster Place
7574,Hills of Home
7575,22 Female Kottayam
7576,The To Do List
7577,Bachelor Party
7578,Ordinary
7579,Nebraska
7580,The Bullet Vanishes
7581,Labor Day
7582,The Horde
7583,Strange Interlude
7584,Hardly Working
7585,A Coffee in Berlin
7586,Smilin' Through
7587,Tribute
7588,The Sun Comes Up
7589,The Hunger Games: Mockingjay - Part 1
7590,The Hunger Games: Mockingjay - Part 2
7591,The Outlander
7592,Can Heironymus Merkin Ever Forget Mercy Humppe and Find True Happiness?
7593,FBI: Frikis buscan incordiar
7594,Josh
7595,Suave Patria
7596,Mama
7597,Jab Tak Hai Jaan
7598,Before Midnight
7599,The Butler
7600,The Ghost of Slumber Mountain
7601,Micropolis
7602,Friday
7603,One 2 Ka 4
7604,Soulless
7605,Valérie
7606,The Summit
7607,Redd Inc.
7608,The Velocity of Gary
7609,Promised Land
7610,All the Young Men
7611,The Joker is Wild
7612,Carrie
7613,A Company Man
7614,Mallu Singh
7615,The Happy Road
7616,Atlas Shrugged: Part II
7617,Pain & Gain
7618,The Mistress
7619,Snitch
7620,Godfather
7621,Jurassic World
7622,Watusi
7623,OMG: Oh My God!
7624,The Giant King
7625,2 Guns
7626,Hummingbird
7627,Pinocchio
7628,The Heat
7629,Need for Speed
7630,Trolls
7631,No Good Deed
7632,Last Vegas
7633,Jack Ryan: Shadow Recruit
7634,The Lego Movie
7635,Edge of Tomorrow
7636,Smurfs: The Lost Village
7637,Aiyyaa
7638,Winter's Tale
7639,Led Zeppelin: Celebration Day
7640,Piratas en el Callao
7641,Gladiators of Rome
7642,The Expendables 3
7643,Student Of The Year
7644,Best Man Down
7645,Luv Shuv Tey Chicken Khurana
7646,We're the Millers
7647,The Conjuring
7648,A Haunted House
7649,Tiktik: The Aswang Chronicles
7650,Evel Knievel
7651,Pizza
7652,Silent Night
7653,Matru Ki Bijlee Ka Mandola
7654,Fire with Fire
7655,The Apostle
7656,Sal
7657,Burn
7658,Kung Fu Panda 3
7659,Damaged Lives
7660,Star Wars: The Force Awakens
7661,Bhoot Returns
7662,Ragnarok
7663,Saving Mr. Banks
7664,Minuscule: Valley of the Lost Ants
7665,Son of Sardaar
7666,Justice League
7667,Dil Aashna Hai
7668,Pokkiri Raja
7669,Rita's Last Fairy Tale
7670,Nous York
7671,First Love
7672,Greatest Hits
7673,Across to Singapore
7674,Kevin Bridges: The Story Continues...
7675,Battle of the Japan Sea
7676,The Precocious and Brief Life of Sabina Rivas
7677,Love Ke Liye Kuch Bhi Karega
7678,Traffic
7679,Thuppakki
7680,Sabotage
7681,Admission
7682,Beau Brummel
7683,A Thief in the Night
7684,I'm So Excited!
7685,"Like Mother, Like Daughter"
7686,Dark Skies
7687,Upstream Color
7688,Muppets Most Wanted
7689,The 100 Year-Old Man Who Climbed Out the Window and Disappeared
7690,Triple 9
7691,The Last Exorcism Part II
7692,RED 2
7693,Getaway
7694,Prisoners
7695,Runner Runner
7696,Delivery Man
7697,Paranormal Activity: The Ghost Dimension
7698,The Best Man Holiday
7699,Justin and the Knights of Valour
7700,Naduvula Konjam Pakkatha Kaanom
7701,Mouna Guru
7702,Exodus: Gods and Kings
7703,The Way Way Back
7704,The Worst Christmas of My Life
7705,The Matriarch
7706,The Terror
7707,Eega
7708,Enthiran
7709,Mrs. Brown's Boys Live Tour: Good Mourning Mrs. Brown
7710,Turning Tide
7711,Journey to the Christmas Star
7712,Legatee
7713,The Wind Rises
7714,The Tale of The Princess Kaguya
7715,I Give It a Year
7716,Carmen G
7717,The Haunting in Connecticut 2: Ghosts of Georgia
7718,Forsaking All Others
7719,Chapters
7720,As You Desire Me
7721,Inside Out
7722,Cinderella
7723,Best Actor
7724,Ethir Neechal
7725,Open Windows
7726,The Adventures of Huck Finn
7727,Naran
7728,Colosio
7729,Lost in Thailand
7730,Planes
7731,Phantom
7732,Jee Aayan Nu
7733,Dallas Buyers Club
7734,Blue Is the Warmest Color
7735,The Immigrant
7736,Her
7737,Only Lovers Left Alive
7738,Sevenes
7739,August: Osage County
7740,The Best Offer
7741,All Is Lost
7742,Ain't Them Bodies Saints
7743,The Monuments Men
7744,The Past
7745,The Wayward Bus
7746,Underdogs
7747,The Angry Birds Movie
7748,Straight A's
7749,Husbands in Goa
7750,The Drop
7751,13 Sins
7752,A Family Affair
7753,Andy Hardy Comes Home
7754,The Equalizer
7755,Our Blushing Brides
7756,The Kings of Summer
7757,Austenland
7758,Better Living Through Chemistry
7759,Interstellar
7760,Divergent
7761,The Truth About Emanuel
7762,Transcendence
7763,Fruitvale Station
7764,In a World...
7765,Kill Your Darlings
7766,Mother of George
7767,The Spectacular Now
7768,Pet Sematary
7769,The Vatican Tapes
7770,Oculus
7771,Mood Indigo
7772,Louder Than Bombs
7773,The Disappearance of Eleanor Rigby: Them
7774,The Zero Theorem
7775,The Young and Prodigious T.S. Spivet
7776,Queen of the Desert
7777,The Rover
7778,Joe
7779,A Most Wanted Man
7780,Maps to the Stars
7781,The Call
7782,The Purge
7783,Collision
7784,Mummy & Me
7785,Tomorrowland
7786,A Teacher
7787,20 Feet from Stardom
7788,Duplicate
7789,Soft Bullets
7790,"Good Boy, Bad Boy"
7791,"Mommies, Happy New Year!"
7792,"Ryaba, My Chicken"
7793,Hotel Transylvania 2
7794,Apartment 1303 3D
7795,Traces of Death
7796,The Dealers
7797,Ram Jaane
7798,Zamaana Deewana
7799,English Babu Desi Mem
7800,Blue Jasmine
7801,The Berlin File
7802,Jimmy P.
7803,Yeh Lamhe Judaai Ke
7804,Biwi No.1
7805,Desmundo
7806,The Power of Few
7807,Roommates
7808,Everything Everything Nothing Nothing
7809,Doraemon: Nobita and the Tin Labyrinth
7810,The Big Swap
7811,The Fifth Estate
7812,Serena
7813,7 años de matrimonio
7814,Spiders
7815,The Snow Queen
7816,Out of the Furnace
7817,One Direction: This Is Us
7818,The Priest's Children
7819,Special 26
7820,Sangharsh
7821,Jungle
7822,Fantastic Four
7823,Pirates of the Caribbean: Dead Men Tell No Tales
7824,How to Train Your Dragon: The Hidden World
7825,Son of the Gods
7826,Curse of Chucky
7827,Brooklyn
7828,Long Live Freedom
7829,The Guillotines
7830,Hugo and Rosa
7831,Juvana
7832,Lost River
7833,Ah Boys To Men
7834,Jabardasth
7835,Furious 7
7836,Ride Along
7837,American Hustle
7838,BloodRayne
7839,Empire State
7840,Short Term 12
7841,Swim Little Fish Swim
7842,The Physician
7843,A Walk Among the Tombstones
7844,Asterix: The Mansions of the Gods
7845,The Boxtrolls
7846,Shool
7847,Dennis the Menace
7848,Inherent Vice
7849,Frank
7850,The Green Inferno
7851,The Attacks Of 26/11
7852,Housos vs. Authority
7853,The Cry Baby Killer
7854,Rio 2
7855,Khumba
7856,Saranair: The Movie
7857,Holy Ghost People
7858,Il nostro matrimonio è in crisi
7859,Lights of New York
7860,Resident Evil: The Final Chapter
7861,Legend of Kung Fu Rabbit
7862,My Brother's War
7863,Java Heat
7864,Dark Touch
7865,The Machine
7866,Metro
7867,Jane Got a Gun
7868,Evidence of a Haunting
7869,Cheyenne
7870,Baggage Claim
7871,Black Nativity
7872,A Madea Christmas
7873,Free Birds
7874,Burke & Wills
7875,Home Run
7876,Clean Sweep
7877,I Accuse!
7878,Decoding Annie Parker
7879,The Sea Beast
7880,Veronica Mars
7881,Big Hero 6
7882,Mission: Impossible - Rogue Nation
7883,Alan Partridge: Alpha Papa
7884,Rock Oo! Rimba Bara Kembali
7885,Mandalay
7886,Sound Thoma
7887,07th Changes Course
7888,The Earth's Most Beloved Son
7889,A Field in England
7890,The Great Beauty
7891,Camp
7892,Odd Thomas
7893,Amen
7894,We Are the Nobles
7895,Friends: Naki on Monster Island
7896,The Raid 2
7897,Salinger
7898,Himmatwala
7899,Chashme Baddoor
7900,T2 Trainspotting
7901,Les Milles
7902,Black Button
7903,Child 44
7904,Night at the Museum: Secret of the Tomb
7905,Star Wars: The Last Jedi
7906,Star Wars: The Rise of Skywalker
7907,Serial Teachers
7908,The Bashful Bachelor
7909,Dark Places
7910,Naayak
7911,Rigodon
7912,Think Like a Man Too
7913,Legend No. 17
7914,Pee Mak
7915,Young & Beautiful
7916,Hercules
7917,Hands of Stone
7918,A Haunted House 2
7919,Deliver Us from Evil
7920,Kuiba
7921,The sun inside
7922,Bilo the Banker
7923,Yeh Jawaani Hai Deewani
7924,[REC]⁴ Apocalypse
7925,Stockholm
7926,Zero
7927,The Gilded Cage
7928,Ek Thi Daayan
7929,The Vagrant
7930,Stranger by the Lake
7931,22 Jump Street
7932,A Touch of Sin
7933,L'Anno Mille
7934,What Girls are Silent About
7935,Tell 'em Steve-Dave: Puppet Theater
7936,Walk of Shame
7937,A Million Ways to Die in the West
7938,Blue Ruin
7939,Finding Mr. Right
7940,The Legend of Hercules
7941,Entourage
7942,In the Face of Evil: Reagan's War in Word and Deed
7943,Arrambam
7944,Shootout at Wadala
7945,The German Doctor
7946,My Sweet Pepper Land
7947,Star Trek Beyond
7948,Saved
7949,Soodhu Kavvum
7950,Blood of May
7951,Beau Geste
7952,On the Job
7953,The Last Days on Mars
7954,American Sniper
7955,Bombay Talkies
7956,Blood Ties
7957,Raanjhanaa
7958,Lily Boy
7959,Gaby: A True Story
7960,Go Goa Gone
7961,The Lunchbox
7962,Ugly
7963,Ghanchakkar
7964,3 Days to Kill
7965,Dom Hemingway
7966,Mandela: Long Walk to Freedom
7967,No Escape
7968,Third Person
7969,Cynthia
7970,Aashiqui 2
7971,Space Pirate Captain Harlock
7972,El Santos vs la Tetona Mendoza
7973,Ah Boys To Men 2
7974,Regret!
7975,The Other Woman
7976,The Quiet Ones
7977,Metallica: Through the Never
7978,Assisted Living
7979,Lone Survivor
7980,Let's Be Cops
7981,Narasimham
7982,Aagathan
7983,Birdman or (The Unexpected Virtue of Ignorance)
7984,Neighbors
7985,Collide
7986,The Keeper of Lost Causes
7987,Ishkq in Paris
7988,Jackpot
7989,Annie
7990,50 to 1
7991,Beauty and the Beast
7992,Old Fish
7993,Bright Days Ahead
7994,Himala
7995,Chappie
7996,Million Dollar Arm
7997,Begin Again
7998,Chattambinadu
7999,The Maze Runner
8000,Say It with Songs
8001,Fukrey
8002,Happy Days
8003,Sherina's Adventure
8004,The Frozen Ground
8005,Pawn Shop Chronicles
8006,Wolf Creek 2
8007,Ee Rojullo
8008,These Final Hours
8009,Komaram Puli
8010,Atlas Shrugged: Part III
8011,Draft Day
8012,Rough House Rosie
8013,Attack of the Helping Hand!
8014,RPG Metanoia
8015,Crimson Peak
8016,Blackhat
8017,F.C. De Kampioenen: Kampioen zijn blijft plezant
8018,Mr. Morgan's Last Love
8019,Treasures of Lake Kaban
8020,Raising the Heights
8021,The House of Magic
8022,My Mom Is a Character
8023,Vampire Academy
8024,Stalingrad
8025,The Man from U.N.C.L.E.
8026,The Book Thief
8027,Jessabelle
8028,Amityville: The Awakening
8029,Homefront
8030,Balupu
8031,Tadakha
8032,Krrish 3
8033,Jack and the Cuckoo-Clock Heart
8034,The Glacier Fox
8035,Belle and Sebastian
8036,Hunting Elephants
8037,Before I Go to Sleep
8038,Lootera
8039,Chennai Express
8040,Pickled Pink
8041,Philomena
8042,One Minute to Zero
8043,Gods of Egypt
8044,The Judge
8045,Our Kind of Traitor
8046,The Imitation Game
8047,Belle
8048,In the Heart of the Sea
8049,Ho ammazzato Berlusconi
8050,The Last Five Years
8051,Bhaag Milkha Bhaag
8052,Trade Winds
8053,Predestination
8054,The Divine Woman
8055,Spectre
8056,D-Day
8057,The Singing Fool
8058,The House at the End of Time
8059,Kingsman: The Secret Service
8060,Inferno
8061,Ramaiya Vastavaiya
8062,Jackass Presents: Bad Grandpa
8063,Forbidden Empire
8064,Batman v Superman: Dawn of Justice
8065,Zombie Brigade
8066,The Grand Seduction
8067,Life of Crime
8068,Parkland
8069,Ida
8070,The French Minister
8071,Bad Words
8072,Jersey Boys
8073,Nothing Left to Fear
8074,Big Jack
8075,Locke
8076,Gone Girl
8077,Caddyshack: The 19th Hole
8078,A
8079,Vow of Death
8080,Street Hero
8081,Mortdecai
8082,Celsius 41.11
8083,Afflicted
8084,Army Daze
8085,The Sacrament
8086,"Rio, I Love You"
8087,The Hijack That Went South
8088,Pop
8089,Tesla - Five Man Video Band
8090,Minions
8091,Secret World
8092,Instructions Not Included
8093,18 & 1/2 Cigarettes
8094,Sunset at Chaophraya
8095,What If
8096,Make Your Move
8097,Chef
8098,Tomorrow Will Be Better
8099,A Woman's Revenge
8100,Masterminds
8101,The Face of Love
8102,Hide and Seek
8103,Zone Pro Site: The Moveable Feast
8104,Ted 2
8105,Grace of Monaco
8106,Malarvaadi Arts Club
8107,Madras Cafe
8108,Fifty Shades of Grey
8109,Into the Storm
8110,Jealousy
8111,The Kung Fu Scholar
8112,Bharya Athra Pora
8113,The Foxes of Harrow
8114,Savages Crossing
8115,Justice League: War
8116,Left Behind
8117,"Alexander and the Terrible, Horrible, No Good, Very Bad Day"
8118,Planes: Fire & Rescue
8119,I Feel in Love
8120,Wolverine: Origin
8121,Lucia
8122,The Affairs of Martha
8123,Police Story: Lockdown
8124,Billionaire
8125,Our Family
8126,Handsome Poor Bilo
8127,Bak Yeşil Yeşil
8128,School Ghost
8129,Coherence
8130,Bullett Raja
8131,Hotel California
8132,Korolev
8133,Distant Thunder
8134,Grand Masti
8135,Deadly Impact
8136,When Unku was Ede's Girlfriend
8137,London Fields
8138,"Plauto, Distorted Memory of an Eventual Fool"
8139,"Two Days, One Night"
8140,About Last Night
8141,The Fault in Our Stars
8142,Aloha
8143,Slow West
8144,Sir Billi
8145,Sausage Party
8146,Mocca: Life Keeps on Turning
8147,V8 - Start Your Engines
8148,Into the Woods
8149,Action 3D
8150,Bekas
8151,The Better 'Ole
8152,Peter Gabriel: Live In Athens 1987
8153,That Awkward Moment
8154,Non-Stop
8155,Macbeth
8156,Sex Tape
8157,Fire Piece
8158,Tammy
8159,Northern Lights
8160,Endless Love
8161,Ramayya Vasthavayya
8162,Vanakkam Chennai
8163,The Giver
8164,Horrible Bosses 2
8165,Kicking Off
8166,Unbroken
8167,Paranormal Activity: The Marked Ones
8168,For the Living and the Dead
8169,Anna
8170,The Adventurer: The Curse of the Midas Box
8171,Mother
8172,Project Almanac
8173,Dolphin Tale 2
8174,The Nut Job
8175,My Mom Is a Character 2
8176,The Peanuts Movie
8177,Toni Goldwascher
8178,Victor Frankenstein
8179,Fury
8180,Home
8181,The SpongeBob Movie: Sponge Out of Water
8182,The Hundred-Foot Journey
8183,The Longest Ride
8184,The Book of Life
8185,A Perfect Man
8186,Believe
8187,12 Months
8188,Mischief Night
8189,The Interview
8190,Wild
8191,Justin Bieber's Believe
8192,Magic in the Moonlight
8193,Big Game
8194,Chinthamani Kolacase
8195,Miss Julie
8196,Until Sbornia Do Us Part
8197,Moshi Monsters: The Movie
8198,The Customer Is Always Right
8199,Sun in Buckets
8200,Zoran: My Nephew the Idiot
8201,Wish I Was Here
8202,Razia Sultan
8203,Gimme Shelter
8204,A Walk in the Woods
8205,Blended
8206,When the Game Stands Tall
8207,A Gambler's Story
8208,Ratchet & Clank
8209,Demonic
8210,Madambi
8211,Classmates
8212,Son of God
8213,The Holy Man
8214,Going Under
8215,Clubland
8216,Marshland
8217,Spanish Affair
8218,Heaven Is for Real
8219,Pizza 2: Villa
8220,Sing or Swim
8221,Earth to Echo
8222,Self/less
8223,The Big Hangover
8224,The Purge: Anarchy
8225,Spy
8226,Best of the Best
8227,No Man's Land
8228,House of Good and Evil
8229,The Single Moms Club
8230,St. Vincent
8231,Get on Up
8232,The Best of Me
8233,Unfinished Business
8234,This Is Where I Leave You
8235,Eric Clapton's Crossroads Guitar Festival 2010
8236,Thenkasipattanam
8237,The Speed Track
8238,Chess
8239,Lucy
8240,Naan Sigappu Manithan
8241,A Most Violent Year
8242,The Boy Next Door
8243,The Prince
8244,Regression
8245,Incarnate
8246,Alice Through the Looking Glass
8247,Run All Night
8248,Miss Mary
8249,Beyond the Lights
8250,The Guest
8251,Lupin the 3rd
8252,Ankhon Dekhi
8253,Barefoot
8254,The Signal
8255,The Babadook
8256,Rage
8257,Ouija
8258,The Three Musketeers
8259,"Good Day, Ramon"
8260,Nightcrawler
8261,Step Up All In
8262,"Men, Women & Children"
8263,Poltergeist
8264,Alone Yet Not Alone
8265,Hot Tub Time Machine 2
8266,The Lazarus Effect
8267,Mary Jane's Not a Virgin Anymore
8268,Drishyam
8269,Human Capital
8270,Laggies
8271,I Origins
8272,Rudderless
8273,Camp X-Ray
8274,Happy Christmas
8275,Infinitely Polar Bear
8276,Life After Beth
8277,The Den
8278,The Skeleton Twins
8279,Dui Prithibi
8280,Song One
8281,Whiplash
8282,Varudu
8283,The Warning
8284,Suffragette
8285,The Little Convict
8286,Pawn Sacrifice
8287,Midnight Special
8288,Yves Saint Laurent
8289,The King's Daughter
8290,Strangerland
8291,John Wick
8292,Kill the Messenger
8293,Semen Demon
8294,Black Sea
8295,Jilla
8296,Every Thing Will Be Fine
8297,The Three Brothers: The Return
8298,Tusk
8299,Sound
8300,Mountains of the Moon
8301,X-Men: Apocalypse
8302,What We Do in the Shadows
8303,Clouds of Sils Maria
8304,The Mountain
8305,Jessica Simpson: Reality Tour Live
8306,Veeram
8307,Queen
8308,Are Husbands Necessary?
8309,Barely Lethal
8310,The Visitors: Bastille Day
8311,Hitman: Agent 47
8312,Taste Of You
8313,If I Stay
8314,Who Pays the Bill?
8315,Nymphomaniac: Vol. II
8316,God's Not Dead
8317,Parnell
8318,The Diary of a Teenage Girl
8319,I Can Quit Whenever I Want
8320,The Lucky Island
8321,Barbecue
8322,The Good Lie
8323,Annabelle
8324,Far from the Madding Crowd
8325,Washington Heights
8326,Aloft
8327,Aaha Kalyanam
8328,Yaariyan
8329,A Girl Walks Home Alone at Night
8330,'71
8331,While We're Young
8332,Junior
8333,Moms' Night Out
8334,The Wedding Ringer
8335,Highway
8336,Diau Charn
8337,Midget Zombie Takeover
8338,Faster Than Rabbits
8339,And So It Goes
8340,The Trials of Cate McCall
8341,Buzzard
8342,Black or White
8343,Hannah Montana & Miley Cyrus: Best of Both Worlds Concert
8344,Everest
8345,Rock the Kasbah
8346,The Assassin
8347,The Forest Sorceress
8348,San Andreas
8349,Honeymoon
8350,The Absent One
8351,The Lobster
8352,Pitch Perfect 2
8353,Stung
8354,Brick Mansions
8355,The Wrath of Vajra
8356,Haunted
8357,Torrente 5
8358,The November Man
8359,Manglehorn
8360,Escobar: Paradise Lost
8361,River of Fundament
8362,Bāhubali: The Beginning
8363,Dangerous People
8364,"As Above, So Below"
8365,Focus
8366,Flame and the Flesh
8367,Vishudhan
8368,10+2: The Great Secret
8369,The Water Diviner
8370,Danny Collins
8371,Paul Blart: Mall Cop 2
8372,Little Boy
8373,Point Break
8374,Get Hard
8375,Ohm Shanthi Oshaana
8376,Time of Her Life
8377,The Intern
8378,Pixels
8379,The Darkness
8380,Thegidi
8381,Term Life
8382,Goosebumps
8383,Last Flight
8384,Tulip Fever
8385,The Damned
8386,Underwater Warrior
8387,Nymphomaniac: Vol. I
8388,A Monster Calls
8389,Carol
8390,The Legend of Tarzan
8391,Alvin and the Chipmunks: The Road Chip
8392,Convention City
8393,Paisa
8394,Bad is Bad
8395,Fantastic Beasts and Where to Find Them
8396,The Woman I Love
8397,Land Without Evil: Ivy Maraey
8398,The Conjuring 2
8399,How to Be Single
8400,Live by Night
8401,2 States
8402,Space Dogs 2
8403,Taken 3
8404,Incredibles 2
8405,Cars 3
8406,Easy on the Eyes
8407,Black Mass
8408,American Ultra
8409,VeggieTales: Josh and the Big Wall
8410,Thanks Maa
8411,The Fool
8412,The Desert Song
8413,Mrs. Brown's Boys D'Movie
8414,Serial (Bad) Weddings
8415,Insurgent
8416,Allegiant
8417,Automata
8418,Babysitting
8419,Dubrovsky
8420,The Games Maker
8421,Monster Trucks
8422,Velaiyilla Pattathari
8423,Anegan
8424,Shaun the Sheep Movie
8425,Logan
8426,"Crouching Tiger, Hidden Dragon: Sword of Destiny"
8427,Power of Attorney
8428,Knock Knock
8429,Polytechnic
8430,Scribblers
8431,Huevos: Little Rooster's Egg-Cellent Adventure
8432,Room
8433,The Homesman
8434,Ex Machina
8435,Magic Mike XXL
8436,Mommy
8437,Leviathan
8438,Wild Tales
8439,Wild Card
8440,Ring Master
8441,Stand by Me Doraemon
8442,VeggieTales: The Toy That Saved Christmas
8443,Beauty Evil Rose
8444,The Salvation
8445,Sisters
8446,Table for Five
8447,The Gunman
8448,D'Unbelievables D'Telly
8449,D'Unbelievables D'Mother
8450,Jem and the Holograms
8451,Pan
8452,Portrait from Life
8453,Startup
8454,The Theory of Everything
8455,Grimsby
8456,Why Would I Lie?
8457,Kitchen in Paris
8458,Googly
8459,London Has Fallen
8460,The BFG
8461,White God
8462,The Second Best Exotic Marigold Hotel
8463,Antidote
8464,Captain Underpants: The First Epic Movie
8465,Bangalore Days
8466,Wicked Flying Monkeys
8467,The Legend of the Guanajuato Mummies
8468,For Love or Money
8469,Hawaa Hawaai
8470,Pacific Rim: Uprising
8471,The Candidate
8472,Hot Pursuit
8473,Samba
8474,Zootopia
8475,The Canterville Ghost
8476,To Die is Hard
8477,A Hologram for the King
8478,It Follows
8479,Payback
8480,The Xposé
8481,"Hail, Caesar!"
8482,Oy Vey! My Son Is Gay!
8483,Parts Per Billion
8484,Skiptrace
8485,Falcon Rising
8486,Penguins of Madagascar
8487,Captain America: Civil War
8488,Heropanti
8489,Murderous City
8490,United Passions
8491,Beyond Skyline
8492,The Broken Disk
8493,Suite Française
8494,Big Fish & Begonia
8495,Love & Mercy
8496,Trainwreck
8497,Özleyiş
8498,The Runaway Bride
8499,Ben-Hur
8500,A Nation Awakens
8501,Milky Way
8502,Güneş Doğmasın
8503,Şafak Bekçileri
8504,"Nilüfer, the Jungle Flower"
8505,Gemma Bovery
8506,Black Rose
8507,Bülbül Yuvası
8508,Prosperity
8509,The DUFF
8510,Pane e burlesque
8511,The Continent
8512,Max
8513,French Women
8514,The Hateful Eight
8515,Scouts Guide to the Zombie Apocalypse
8516,Sicario
8517,Latham Entertainment Presents: An All New Comedy Experience
8518,VeggieTales: The Ballad of Little Joe
8519,Selma
8520,Stonewall
8521,Daddy's Home
8522,Buddha Wild: Monk in a Hut
8523,Joy
8524,The Last Witch Hunter
8525,Geostorm
8526,King Arthur: Legend of the Sword
8527,The Lego Ninjago Movie
8528,Passengers
8529,Cheburashka
8530,Wazir
8531,The Penguins of Madagascar: Operation Antarctica
8532,Ricki and the Flash
8533,Scherzi - Il film
8534,A Breakfast Chronicle
8535,Lost in Galicia
8536,Norm of the North
8537,Legend
8538,America: Imagine the World Without Her
8539,Punjab 1984
8540,Straight Outta Compton
8541,Unfriended
8542,Moana
8543,The Miracle Man
8544,Ice Age: Collision Course
8545,The Dead Walk
8546,A Daughter of the Gods
8547,Star
8548,Bamse and the Thief City
8549,Mechanic: Resurrection
8550,The Jungle Book
8551,Deportees 2
8552,Remp-It
8553,Gopala Gopala
8554,Whiskey Tango Foxtrot
8555,Insidious: Chapter 3
8556,Naaigal Jaakirathai
8557,Hazard Jack
8558,The Sweet Ride
8559,Rasathanthram
8560,The Lego Movie 2: The Second Part
8561,Aditya 369
8562,Animal Kingdom: Let's Go Ape
8563,All at Once
8564,Kick
8565,Haider
8566,Mr. Holmes
8567,War for the Planet of the Apes
8568,The Lion Men
8569,The Revenant
8570,The Mummy
8571,My Old Lady
8572,Hate Story 2
8573,The Admiral: Roaring Currents
8574,The Pyramid
8575,Irrational Man
8576,99 Homes
8577,Miss Peregrine's Home for Peculiar Children
8578,Sinister 2
8579,The Light Between Oceans
8580,Evangelion: 3.0+1.0 Thrice Upon a Time
8581,Beasts of No Nation
8582,The Postman's White Nights
8583,Guardians of the Galaxy Vol. 2
8584,Doctor Strange
8585,Thor: Ragnarok
8586,Black Panther
8587,Cake
8588,Burning
8589,Mary Kom
8590,Still Alice
8591,Top Five
8592,The Gambler
8593,31
8594,Corrections Class
8595,The Pirates
8596,Salem: His Sister's Father
8597,The Walk
8598,Singham Returns
8599,The Last Breath
8600,Grindhouse
8601,Valentino
8602,Coffee Please
8603,Comic 8
8604,Upendra
8605,The Martian
8606,Edward Lee's the Bighead
8607,Treehouse
8608,5 Flights Up
8609,Ho Ho Ho 2: A Family Lottery
8610,Two Night Stand
8611,Paper Towns
8612,Max Steel
8613,Bunshinsaba
8614,The Battles of Coronel and Falkland Islands
8615,Maggie
8616,Margarita with a Straw
8617,Saint Seiya: Legend of Sanctuary
8618,Dukhtar
8619,Mardaani
8620,Raja Natwarlal
8621,Krampus
8622,Midnight Sun
8623,Shazam!
8624,The Transporter Refueled
8625,Catherine's Grove
8626,The Woman in Black 2: Angel of Death
8627,Dofus - Book I: Julith
8628,The Zookeeper's Wife
8629,Lady Bloodfight
8630,Outcast
8631,An Odd Evening in April
8632,The Handmaiden
8633,The Last Petal
8634,The Nice Guys
8635,The Mountain Between Us
8636,The Huntsman: Winter's War
8637,Yuri Gagarin Conspiracy: Fallen Idol
8638,Secret in Their Eyes
8639,Tracers
8640,Winx Club: The Mystery of the Abyss
8641,Terminator: Dark Fate
8642,Kung Fu Jungle
8643,Wyrmwood: Road of the Dead
8644,Pyaar Vali Love Story
8645,Anomalisa
8646,A Long Way Off
8647,Rules Don't Apply
8648,A Matter of Faith
8649,The Sea of Trees
8650,Now You See Me 2
8651,Dirty Grandpa
8652,The Death & Life of John F. Donovan
8653,Richard Jewell
8654,The Snow Queen 2: Refreeze
8655,Sweet Country
8656,Sunshine Superman
8657,"Mummy, I'm a Zombie"
8658,The Bye Bye Man
8659,Love
8660,Not Cool
8661,The Sailor Takes a Wife
8662,The White Angel
8663,Yellowbird
8664,Creature 3D
8665,One Week
8666,The Guide
8667,Kong: Skull Island
8668,Moomins on the Riviera
8669,The Hole
8670,Top Cat Begins
8671,The 33
8672,Deadpool
8673,The Wailing
8674,Billy Lynn's Long Halftime Walk
8675,Kidnap
8676,The Age of Adaline
8677,Trumbo
8678,Dinosaur Island
8679,Maze Runner: The Scorch Trials
8680,Pete's Dragon
8681,Lou!
8682,Bone Tomahawk
8683,The Boss Baby
8684,Everybody Wants Some!!
8685,Saving Christmas
8686,Burnt
8687,Me Before You
8688,Bridge of Spies
8689,Vacation
8690,The Night Before
8691,Love & Friendship
8692,Christian Mingle
8693,Deepwater Horizon
8694,Per l'amor di Dio
8695,Kill Dil
8696,Vellimoonga
8697,Bañeros 4: Los rompeolas
8698,Soekarno
8699,PK
8700,Old Fashioned
8701,The Man Who Killed Don Quixote
8702,Suicide Squad
8703,Wonder Woman
8704,Aquaman
8705,I Saw the Light
8706,Jigsaw
8707,The Visit
8708,The Dressmaker
8709,Mafia Millionaires
8710,Oka Laila Kosam
8711,The Flash
8712,Cemetery of Splendor
8713,Trash
8714,Expend4bles
8715,The Gallows
8716,Avengers: Endgame
8717,Avengers: Infinity War
8718,Captain Marvel
8719,Jimmy Vestvood: Amerikan Hero
8720,The 5th Wave
8721,Mojin: The Lost Legend
8722,Life
8723,Dragon Blade
8724,HalloweeNight
8725,World War III
8726,Capture the Flag
8727,Sin of an Angel
8728,3 Generations
8729,Annihilation
8730,Don't Breathe
8731,13 Hours: The Secret Soldiers of Benghazi
8732,The Finest Hours
8733,Replicas
8734,Truth
8735,Atrocious
8736,Yennai Arindhaal
8737,Downsizing
8738,Elvis & Nixon
8739,We Are Your Friends
8740,Message from the King
8741,The Neon Demon
8742,Toy Story 4
8743,Sanky Panky 2
8744,The Opposite Sex
8745,Blowfly Park
8746,Equals
8747,Welcome Home
8748,Kalbimin Şarkısı
8749,Criminal
8750,Iron Sky: The Coming Race
8751,Snowden
8752,Damga
8753,Strange Magic
8754,Naturally Native
8755,My Big Fat Greek Wedding 2
8756,Central Intelligence
8757,The Accountant
8758,Chaar Sahibzaade
8759,The Revenge of Angel
8760,The Invisible Boy
8761,Dragon Ball Z: Resurrection 'F'
8762,Money Monster
8763,Pokémon the Movie: Diancie and the Cocoon of Destruction
8764,Demolition
8765,Woman in Gold
8766,The Perfect Guy
8767,The Bélier Family
8768,Boonie Bears: Homeward Journey
8769,Green Eyes
8770,Continental
8771,The Magic Snowflake
8772,Power Rangers
8773,The Shamer's Daughter
8774,Freeheld
8775,The Danish Girl
8776,The Invitation
8777,Kayal
8778,Southpaw
8779,Dandupalya
8780,I Smile Back
8781,Tangerine
8782,The Manny
8783,War Dogs
8784,The Bronze
8785,Dark Delusion
8786,Last Knights
8787,Teenage Mutant Ninja Turtles: Out of the Shadows
8788,The D Train
8789,Dope
8790,300 Worte Deutsch
8791,Mayday! Überfall auf hoher See
8792,Wolf Totem
8793,Todo menos la chica
8794,Grandma
8795,Do You Believe?
8796,Winter Carnival
8797,The Adventure of Sudsakorn
8798,The Little Prince
8799,Patterns of Evidence: The Exodus
8800,Blood Father
8801,Gazgolder: The Movie
8802,I'll See You in My Dreams
8803,Zid
8804,The Witch
8805,Cop Car
8806,The Founder
8807,Youth
8808,Southside with You
8809,Pisaasu
8810,The Great Wall
8811,I Proud to Be an Indian
8812,Aithe
8813,Creed
8814,Maggie's Plan
8815,Tevar
8816,Warriors of the Rainbow: Seediq Bale - Part 2: The Rainbow Bridge
8817,Kubo and the Two Strings
8818,La La Land
8819,Six Degrees of Celebration 1914
8820,Rege
8821,Green Room
8822,Revolt
8823,The Lost City of Z
8824,Spotlight
8825,By the Sea
8826,Tale of Tales
8827,I'm Not Angry!
8828,Shin Godzilla
8829,Absolution
8830,Animal Crackers
8831,Puss in Boots: The Last Wish
8832,Lokmanya: Ek YugPurush
8833,Spider-Man: Homecoming
8834,Florence Foster Jenkins
8835,Ghost in the Shell
8836,Accidental Love
8837,Mike and Dave Need Wedding Dates
8838,The Greatest Showman
8839,Free State of Jones
8840,The Bad Batch
8841,Supari
8842,Bombay Velvet
8843,The Purge: Election Year
8844,Crazy Bitches
8845,Who Killed Captain Alex?
8846,Roy
8847,The Last: Naruto the Movie
8848,Queen of Katwe
8849,Hillsong: Let Hope Rise
8850,Colonia
8851,The Big Short
8852,The Young Messiah
8853,Look Who's Back
8854,Hardcore
8855,Eddie the Eagle
8856,Aferim!
8857,Ratter
8858,Short Movie
8859,Dark Phoenix
8860,Detective Byomkesh Bakshy!
8861,Italiano medio
8862,"Hello, My Name Is Doris"
8863,High School Musical: The Challenge Brazil
8864,The Boy
8865,Beauty and the Beast
8866,Steve Jobs
8867,Let's Try Again
8868,Concussion
8869,Nine Lives
8870,Bis
8871,War Room
8872,Badlapur
8873,Mune: Guardian of the Moon
8874,Ride Along 2
8875,The Boss
8876,Race
8877,Jugadores con patente
8878,Krisha
8879,Karar: The Deal
8880,Sleepless
8881,In the Lost Lands
8882,John Wick: Chapter 2
8883,Jason Bourne
8884,Hacksaw Ridge
8885,The Lego Batman Movie
8886,Despicable Me 3
8887,Spider-Man: Into the Spider-Verse
8888,Neighbors 2: Sorority Rising
8889,The Hollars
8890,Hardcore Henry
8891,The Vicious Breed
8892,Temper
8893,The Infiltrator
8894,Serial Teachers 2
8895,The Battalion
8896,Ooops! Noah Is Gone...
8897,Pound of Flesh
8898,American Pastoral
8899,Spinning Gold
8900,Barbershop: The Next Cut
8901,The Easy Way Out
8902,People Get Eaten
8903,Chirodini Tumi Je Amar
8904,Soulless 2
8905,The Secret Life of Pets
8906,Galis: The Journey to Astra
8907,Nerve
8908,The Gift
8909,The Lady in the Van
8910,O Kadhal Kanmani
8911,The Forest
8912,My King
8913,Standing Tall
8914,Zoolander 2
8915,Arrival
8916,Shut In
8917,Dumbo
8918,Indru Netru Naalai
8919,NH10
8920,Frozen II
8921,Rogue One: A Star Wars Story
8922,The Choice
8923,The Brand New Testament
8924,"Kidnapping, Caucasian Style"
8925,Song to Song
8926,Selam: Bahara Yolculuk
8927,Captive
8928,Keeping Up with the Joneses
8929,Little Women
8930,Boonie Bears: Robo-Rumble
8931,The Great Gilly Hopkins
8932,Veedu
8933,Babysitting 2
8934,Storks
8935,Secret of the Sukharev Tower. Magician of Balance
8936,A Star Is Born
8937,The Shallows
8938,Bilal: A New Breed of Hero
8939,The Odyssey
8940,Oru Vadakkan Selfie
8941,Piku
8942,Julieta
8943,Bleed for This
8944,Ready Player One
8945,Love the Coopers
8946,Eye in the Sky
8947,10 Cloverfield Lane
8948,Lowriders
8949,Mr. Right
8950,The Duel
8951,The Magnificent Seven
8952,Woodlawn
8953,Love Live! The School Idol Movie
8954,Rock Dog
8955,Bastille Day
8956,Belle and Sebastian: The Adventure Continues
8957,Tex Montana Will Survive!
8958,Baskin
8959,Free Fire
8960,Gold
8961,Captain Fantastic
8962,Manchester by the Sea
8963,Lion
8964,Muslim.357
8965,The Treasure
8966,¡Asu Mare! 2
8967,Savage High
8968,My Little Pony: The Movie
8969,Wolf Warrior
8970,The Nut Job 2: Nutty by Nature
8971,Risen
8972,Uncharted
8973,Renegades
8974,When the Bough Breaks
8975,Ouija: Origin of Evil
8976,Sing
8977,Indiana Jones and the Dial of Destiny
8978,Venom
8979,Blade Runner 2049
8980,Transformers: The Last Knight
8981,The Glass Castle
8982,Heist
8983,White Girl
8984,A Tale of Love and Darkness
8985,Son of Saul
8986,Tanu Weds Manu: Returns
8987,Mustang
8988,Embrace of the Serpent
8989,Maze Runner: The Death Cure
8990,Niloofar
8991,The Wave
8992,The Meddler
8993,Fifty Shades Freed
8994,American Made
8995,The Watchers: Beginning
8996,The Fate of the Furious
8997,Mulan
8998,Cruella
8999,Elle
9000,In Dubious Battle
9001,Gabbar Is Back
9002,Dil Dhadakne Do
9003,It's Only the End of the World
9004,The Dawns Here Are Quiet
9005,Extinction
9006,Bloodshot
9007,Hell or High Water
9008,Loham
9009,Road to Berlin
9010,Left Behind
9011,Fantastic Beasts: The Crimes of Grindelwald
9012,Fantastic Beasts: The Secrets of Dumbledore
9013,Bad Santa 2
9014,Zombieland: Double Tap
9015,Tomb Raider
9016,Gotti
9017,The Girl in the Book
9018,The Man with the Iron Heart
9019,Angels
9020,On the Basis of Sex
9021,Café Society
9022,Baby Driver
9023,The Birth of a Nation
9024,Loving
9025,Blinky Bill the Movie
9026,Baywatch
9027,Loving Vincent
9028,Kevin Hart: What Now?
9029,Valerian and the City of a Thousand Planets
9030,Miracles from Heaven
9031,The Circle
9032,Gringo
9033,Their Finest
9034,The New Mutants
9035,Drunk Wedding
9036,Almost Christmas
9037,American Honey
9038,Certain Women
9039,The Wife
9040,Nocturnal Animals
9041,Dark Crimes
9042,Personal Shopper
9043,A Cure for Wellness
9044,USS Indianapolis: Men of Courage
9045,Nunca asistas a este tipo de fiestas
9046,The Belko Experiment
9047,3 Braves
9048,Popstar: Never Stop Never Stopping
9049,Atomic Blonde
9050,Fifty Shades Darker
9051,Decent People
9052,Demonte Colony
9053,Premam
9054,Ballerina
9055,Keanu
9056,20th Century Women
9057,Ninnu Choodalani
9058,He Knows My Name
9059,Ah Boys to Men 3: Frogmen
9060,Jack Reacher: Never Go Back
9061,Kingsman: The Golden Circle
9062,90 Minutes in Heaven
9063,The New Adventures of Aladdin
9064,The Equalizer 2
9065,Lights Out
9066,The House
9067,Collateral Beauty
9068,Fist Fight
9069,All I See Is You
9070,The Shack
9071,The Meg
9072,It
9073,Franchesca Page
9074,Veteran
9075,Paddington 2
9076,Underworld: Blood Wars
9077,On Wings of Eagles
9078,The Girl on the Train
9079,Barbie
9080,Momentum
9081,The Predator
9082,A United Kingdom
9083,Swiss Army Man
9084,God's Not Dead 2
9085,Mile 22
9086,Thank You for Your Service
9087,Sleight
9088,Horoscope for Good Luck
9089,Uppi 2
9090,Guadalupe
9091,Yes & Yes
9092,Solo: A Star Wars Story
9093,Spanish Affair 2
9094,A Conspiracy of Faith
9095,About Endlessness
9096,8 Seconds
9097,Evil Intent
9098,Bajrangi Bhaijaan
9099,Hawa Bodol
9100,Bāhubali 2: The Conclusion
9101,The Midwife
9102,Doraemon: Nobita and the Space Heroes
9103,The Ardennes
9104,Welcome to Marwen
9105,Na Maloom Afraad
9106,Blair Witch
9107,Jurassic World: Fallen Kingdom
9108,City of Mice 2
9109,Monkey King: Hero Is Back
9110,To Steal from a Thief
9111,Fifty Shades of Black
9112,Melodin från Gamla Stan
9113,Bangistan
9114,The Clan
9115,Drishyam
9116,Madame President
9117,Mother's Day
9118,Going in Style
9119,Mission: Impossible - Fallout
9120,Jumanji: Welcome to the Jungle
9121,The Dark Tower
9122,Essex Boys: Law of Survival
9123,Pulimurugan
9124,Table 19
9125,The Tiger Hunter
9126,Pitch Perfect 3
9127,Phantom
9128,Our Times
9129,Charming
9130,Guardians
9131,Rangi Taranga
9132,One Man Show
9133,The Promise
9134,Father Figures
9135,Coco
9136,The Broken Crown
9137,Why Him?
9138,Agnee
9139,Irudhi Suttru
9140,Mr. Six
9141,The Fits
9142,Queen of Spades: The Dark Rite
9143,The Worst Movie Ever!
9144,Marauders
9145,Ya Ben Ya O!
9146,Ford v Ferrari
9147,Blackway
9148,"Three Billboards Outside Ebbing, Missouri"
9149,Oops! There's Dad
9150,Lost in the Sun
9151,Dartmoor Killing
9152,Tini: The New Life of Violetta
9153,Ennu Ninte Moideen
9154,Dangal
9155,The Grinch
9156,Hate Story 3
9157,Navy Seals vs. Zombies
9158,Suspiria
9159,Sweet Journey
9160,The Legend of Qin
9161,Top Gun: Maverick
9162,Jawani Phir Nahi Ani
9163,Smoke & Mirrors
9164,Bajirao Mastani
9165,Prem Ratan Dhan Payo
9166,The Miracle of Tekir
9167,Vedalam
9168,Kaili Blues
9169,Sons of Rizk
9170,Birador
9171,Polis Evo
9172,Ant-Man and the Wasp
9173,Bengal Tiger
9174,The Age of Shadows
9175,Sully
9176,Mi America
9177,The Other Side of the Door
9178,"Nachas vemos, vecinas no sabemos"
9179,Orleans
9180,They Call Me Jeeg
9181,Game Therapy
9182,No Borders
9183,Toro
9184,Ferdinand
9185,Gender Wars
9186,Little Teo
9187,Borderlands
9188,Ip Man 3
9189,Chemo
9190,Ferrari
9191,The Space Between Us
9192,"Help, I Shrunk My Teacher"
9193,Kabali
9194,Playmobil: The Movie
9195,Paws of Fury: The Legend of Hank
9196,Fashion Chicks
9197,The von Trapp Family: A Life of Music
9198,Bhale Bhale Magadivoy
9199,24
9200,Friend Request
9201,Katyar Kaljat Ghusali
9202,Robinson Crusoe
9203,A Quiet Passion
9204,18-14
9205,Battle of the Sexes
9206,Sing Street
9207,Middle School: The Worst Years of My Life
9208,Allied
9209,First Man
9210,No Time to Die
9211,The Metamorphosis
9212,Sherlock Gnomes
9213,Dilwale
9214,Paterson
9215,I Am Dragon
9216,Brahmotsavam
9217,Ranbanka
9218,The Eyes of My Mother
9219,The Strangers: Prey at Night
9220,The Disaster Artist
9221,Hunt for the Wilderpeople
9222,The Ghosts of Johnson Woods
9223,Slack Bay
9224,Qarun's Treasure
9225,Honeymoon
9226,Talk To Mum
9227,Visaranai
9228,Charlie
9229,The Snowman
9230,A Aa
9231,Absolutely Fabulous: The Movie
9232,The Ten Commandments: The Movie
9233,The Green Carriage
9234,Detective Chinatown
9235,Misconduct
9236,2.0
9237,Snatched
9238,Godzilla: King of the Monsters
9239,Monocerus
9240,Kapoor & Sons
9241,Where Am I Going?
9242,Spa Night
9243,Graduation
9244,Things to Come
9245,Dunkirk
9246,Emme Fahu Vindhaa Jehendhen
9247,Sarrainodu
9248,Lateef
9249,Mafia: Survival Game
9250,The Favourite
9251,Airlift
9252,Robin Hood
9253,The Lure
9254,"No manches, Frida"
9255,Paris Can Wait
9256,A Stroke of Luck
9257,Ramta Jogi
9258,From the Land of the Moon
9259,Miss Sloane
9260,16 Days of Glory
9261,Operation Avalanche
9262,The Duelist
9263,Bad Moms
9264,The Edge of Seventeen
9265,Sultan
9266,High Life
9267,Jackie
9268,Moonlight
9269,Neerja
9270,Te3n
9271,Morgan
9272,Aquarius
9273,After Love
9274,Railroad Tigers
9275,Doctor Proctor: Bubble in the Bathtub
9276,Meet the Blacks
9277,Ola Bola
9278,Fan
9279,BoBoiBoy: The Movie
9280,Another Day of Life
9281,The Emoji Movie
9282,Shudhu Tomari Jonyo
9283,Soggade Chinni Nayana
9284,Pinkfinger
9285,Pink Panzer
9286,The Foreigner
9287,Space Jam: A New Legacy
9288,Flight Crew
9289,Boo! A Madea Halloween
9290,Trivisa
9291,Bunker of the Dead
9292,Office Uprising
9293,mother!
9294,Hidden Figures
9295,Split
9296,A Dog's Purpose
9297,Ghayal Once Again
9298,Action Hero Biju
9299,The Other Wife
9300,Old and New Shanghai
9301,Maheshinte Prathikaaram
9302,Peter Rabbit
9303,Mr. Unbelievable
9304,The Mermaid
9305,The Monkey King 2
9306,The Figurine: Araromire
9307,Everybody's Business
9308,Closure
9309,Batman: The Killing Joke
9310,Long Long Time Ago
9311,R.A.I.D. Special Unit
9312,The Book of Henry
9313,Sanam Re
9314,Wrong No.
9315,The Champions: Faster. Higher. Stronger
9316,Spirit of the Game
9317,Sairat
9318,Deadpool 2
9319,Wonderstruck
9320,Kung Fu Yoga
9321,Heal the Living
9322,Thanks Boss!
9323,Fast & Furious Presents: Hobbs & Shaw
9324,"Half Mine, Half Yours"
9325,Deportees
9326,Class Reunion
9327,Hostiles
9328,Office Christmas Party
9329,Precious Cargo
9330,Money No Enough
9331,Grandpa Comes Back from Germany
9332,Saint Petersburg
9333,Dandelion
9334,Scoob!
9335,F9
9336,Ugramm
9337,Munafik
9338,Trio
9339,Fast X
9340,Bling
9341,Scandalize My Name: Stories from the Blacklist
9342,The Cage
9343,Early Man
9344,Martians vs Mexicans
9345,Nice Sister-In-Law
9346,Musudan
9347,The Legend of the Chupacabras
9348,Jacob's Kingdom of Heaven
9349,Patriots Day
9350,A Fistful of Grapes
9351,"I, Tonya"
9352,The Unwanted Woman
9353,The Hitman's Bodyguard
9354,Aftermath
9355,Maikäfer flieg
9356,Ki & Ka
9357,Tunnel
9358,Kóblic
9359,Baaghi
9360,The Beatles: Eight Days a Week - The Touring Years
9361,Lady Bird
9362,On Chesil Beach
9363,Maalik
9364,Hillary's America: The Secret History of the Democratic Party
9365,Murder on the Orient Express
9366,Max & Leon
9367,Baar Baar Dekho
9368,Rustom
9369,The Dancer
9370,Marshall
9371,Kaptaan
9372,Cult of Chucky
9373,Sarbjit
9374,Fences
9375,Raw
9376,My Life as a Zucchini
9377,Raman Raghav 2.0
9378,D@bbe 6: The Return
9379,Pelli Choopulu
9380,The Florida Project
9381,Sound and Fury
9382,The Caterpillar and the Polliwog
9383,May God Save Us
9384,Stan & Ollie
9385,In the Forests of Siberia
9386,Suburbicon
9387,Father Son Therapy
9388,Wind River
9389,Death Wish
9390,Only the Brave
9391,Life
9392,Stronger
9393,Puppet Master: The Littlest Reich
9394,Molly's Game
9395,Annabelle: Creation
9396,Under the Silver Lake
9397,Train to Busan
9398,Kabaddi Kabaddi
9399,The King's Choice
9400,Anon
9401,The Autopsy of Jane Doe
9402,Vengeance: A Love Story
9403,Rough Night
9404,Borg vs McEnroe
9405,Along with the Gods: The Two Worlds
9406,The Dirty Dutch
9407,Thoroughbreds
9408,Before I Fall
9409,Rendel
9410,The House That Jack Built
9411,Film Stars Don't Die in Liverpool
9412,Just Getting Started
9413,You Were Never Really Here
9414,Birds of Passage
9415,Naghshe Negar
9416,Udta Punjab
9417,Shah
9418,Call Me by Your Name
9419,A Bag of Marbles
9420,Alibi.com
9421,Little Spirou
9422,The Irishman
9423,The Beguiled
9424,Happy End
9425,The Commuter
9426,The Shape of Water
9427,The Killing of a Sacred Deer
9428,An Officer and a Spy
9429,Logan Lucky
9430,Saithan
9431,The Assignment
9432,Isle of Dogs
9433,Alpha
9434,Wendy
9435,Marrowbone
9436,Hunter Killer
9437,Darkest Hour
9438,Godzilla vs. Kong
9439,Alita: Battle Angel
9440,Befikre
9441,Life of the Party
9442,"Ciao, Brother!"
9443,Hotel Transylvania 3: Summer Vacation
9444,Wonder Park
9445,The SpongeBob Movie: Sponge on the Run
9446,Byomkesh Bakshi
9447,Sicario: Day of the Soldado
9448,Phantom Thread
9449,Mary Poppins Returns
9450,Flatliners
9451,Unknown Soldier
9452,Gifted
9453,Voiceless
9454,The Queen of Spain
9455,Jagga Jasoos
9456,Widows
9457,Attraction
9458,Everybody Knows
9459,Going Furthur
9460,Thelma
9461,Red Sparrow
9462,Denial
9463,The Girl of the Golden West
9464,Wicked
9465,125 Years Memory
9466,All Eyez on Me
9467,Paths of the Gods
9468,Mohenjo Daro
9469,Abracadabra
9470,Sming
9471,The Death of Stalin
9472,Ocean's Eight
9473,47 Meters Down
9474,A Hidden Life
9475,Bitter Harvest
9476,Tujhe Meri Kasam
9477,Mirzya
9478,Ralph Breaks the Internet
9479,A Street Cat Named Bob
9480,Oppam
9481,Overdrive
9482,The 101-Year-Old Man Who Skipped Out on the Bill and Disappeared
9483,Tom of Finland
9484,Captain Hurricane
9485,Zoology
9486,The Wall
9487,Convicted Outlaw
9488,Sinistre
9489,Janatha Garage
9490,League of Gods
9491,Insidious: The Last Key
9492,Moonfall
9493,Hotel Artemis
9494,What Happened to Monday
9495,Wonder
9496,I Am Hooligan
9497,Mary Magdalene
9498,Detroit
9499,A Wrinkle in Time
9500,Badshahi Angti
9501,For Colored Girls Who Have Considered Suicide / When the Rainbow Is Enuf
9502,Operation Chromite
9503,Lean on Pete
9504,Birth of the Dragon
9505,Choorian
9506,Paradise
9507,Batman and Harley Quinn
9508,I'm Not Ashamed
9509,Turkish Traffic
9510,Oru Murai Vanthu Paarthaya
9511,Babu Bangaram
9512,Billy Yeager The Ineffable Enigma
9513,Mars: Pioneering the Planet
9514,I Am Not Your Negro
9515,The Invisible Guest
9516,The Fury of a Patient Man
9517,The Professor and the Madman
9518,Room Zero
9519,Jolly LLB 2
9520,Maanagaram
9521,The Secret Life of Pets 2
9522,The System
9523,Chaos Walking
9524,Killing Salazar
9525,Auto Shop of Horrors
9526,Maligno
9527,The Happytime Murders
9528,Hacker
9529,The Lucky Man
9530,Fightin' Fools
9531,"Roman J. Israel, Esq."
9532,Pinocchio
9533,Dear Zindagi
9534,The Son of Bigfoot
9535,David Lynch: The Art Life
9536,Half Girlfriend
9537,The Mercy
9538,Columbus
9539,Hot Stuff
9540,The Batman
9541,Departure
9542,Operation Mekong
9543,Pink
9544,Furious
9545,American Assassin
9546,Hotel Mumbai
9547,The Vault
9548,Godard Mon Amour
9549,Dreamland: The Land of Dreams
9550,Winchester
9551,Janaan
9552,Actor in Law
9553,The Big Sick
9554,Si Juki the Movie: Doomsday Committee
9555,Forever My Girl
9556,Scary Stories to Tell in the Dark
9557,Seed: The Untold Story
9558,The Good Boy
9559,Monos
9560,CHiPS
9561,Loro 1
9562,"Everything, Everything"
9563,The Perfect Husband
9564,Diary of a Wimpy Kid: The Long Haul
9565,Puss in Boots
9566,Girls Trip
9567,It Comes at Night
9568,Aynabaji
9569,Die Beautiful
9570,Unforgettable
9571,The Current War
9572,Get Out
9573,Midnight Sun
9574,Jockstrap Slaughterhouse
9575,Daddy's Home 2
9576,Ad Astra
9577,Disobedience
9578,MAAT
9579,The Puppy and the Old Slipper
9580,Professor Marston and the Wonder Women
9581,Terrifier
9582,Malibu Horror Story
9583,The Bar
9584,Maleficent: Mistress of Evil
9585,Christopher Robin
9586,Aladdin
9587,The Lion King
9588,Chip 'n Dale: Rescue Rangers
9589,inhale & exhale
9590,Lahore Se Aagey
9591,Zindagi Kitni Haseen Hay
9592,The Return of Godzilla
9593,The 312
9594,VITRIOL
9595,Immortality
9596,Aanandam
9597,The Bride
9598,Munthirivallikal Thalirkkumbol
9599,The Conjuring: The Devil Made Me Do It
9600,Angel Has Fallen
9601,Drain the Bermuda Triangle
9602,Believe
9603,Victoria & Abdul
9604,Halloween
9605,Annette
9606,Bohemian Rhapsody
9607,Sorry to Bother You
9608,Bumblebee
9609,The Case for Christ
9610,The War with Grandpa
9611,Show Dogs
9612,Arante Mulla Kochu Mulla
9613,Loving Pablo
9614,Kin
9615,Chaar Sahibzaade: Rise of Banda Singh Bahadur
9616,The Unknowns
9617,Ghostbusters: Afterlife
9618,Black Snow
9619,Finding Your Feet
9620,Nosferatu
9621,Band Aid
9622,Holy Camp!
9623,Roma
9624,The Nutcracker and the Four Realms
9625,Force 2
9626,Holmes & Watson
9627,The Miseducation of Cameron Post
9628,The Mountain II
9629,A Family On Edge
9630,Rampage
9631,Home Again
9632,Iron Mask
9633,Mortal Engines
9634,My Killer
9635,A Ghost Story
9636,The Nile Hilton Incident
9637,Ezra
9638,The Great Father
9639,1971: Beyond Borders
9640,Ophelia
9641,Lulu the Movie
9642,Wonder Wheel
9643,Vice
9644,Good Time
9645,Vox Lux
9646,The Old Man & the Gun
9647,Adrift
9648,12 Strong
9649,The Jesus Rolls
9650,Capone
9651,Pandora
9652,In the Forest of Huckybucky
9653,Captive State
9654,Hell Fest
9655,Spider-Man: Far From Home
9656,The Fight Within
9657,Mayhem
9658,D'Unbelievables One Hell of a Do
9659,The Hurricane Heist
9660,Coma
9661,The Endless
9662,Fukri
9663,"Have Fun, Vasya!"
9664,See You Up There
9665,Deep
9666,Take Off
9667,303 Squadron
9668,Finn & the Sea of Noise
9669,Let the Sunshine In
9670,Blockbuster
9671,Bodied
9672,A Bad Moms Christmas
9673,Abominable
9674,Spies in Disguise
9675,C'est la vie!
9676,The Pagan King
9677,Chappaquiddick
9678,Padmaavat
9679,Jomonte Suvisheshangal
9680,An Inconvenient Sequel: Truth to Power
9681,Valley of Bones
9682,Kirik Party
9683,The Ottoman Lieutenant
9684,Sgt. Stubby: An American Hero
9685,The Ritual
9686,Confidential Assignment
9687,The Stronghold
9688,Mr. Stein Goes Online
9689,Taxi 5
9690,Belle and Sebastian 3: The Last Chapter
9691,Gautamiputra Satakarni
9692,The Possession of Hannah Grace
9693,OT Umut Peşinde
9694,Malapata
9695,Sarvann
9696,Shatamanam Bhavati
9697,The 12th Man
9698,Der letzte Auftrag
9699,Possessor
9700,Fang
9701,Journey to the West: The Demons Strike Back
9702,About Love
9703,Black Adam
9704,Tyler Perry's Madea on the Run - The Play
9705,The Battleship Island
9706,Gold
9707,The Suicide Squad
9708,To Crack Bloggers
9709,A Taxi Driver
9710,1987: When the Day Comes
9711,The Villainess
9712,Khooni Panja
9713,"Lord, Give Me Patience"
9714,The First Omen
9715,The Monkey King 3
9716,Blockers
9717,November
9718,mid90s
9719,The Bolshoi
9720,"52Hz, I Love You"
9721,Minions: The Rise of Gru
9722,The Ballad of Lefty Brown
9723,Dune
9724,Cold Pursuit
9725,Dragged Across Concrete
9726,Siberia
9727,Sing 2
9728,Vivegam
9729,Salyut-7
9730,Take 2
9731,Overlord
9732,White Boy Rick
9733,Blockage
9734,Slender Man
9735,The Nun
9736,No. 17 Soheila
9737,The Midwife
9738,CIA: Comrade In America
9739,Honey Bee 2: Celebrations
9740,Happy Death Day
9741,The Sisters Brothers
9742,Cold War
9743,The Summit
9744,Luckunnodu
9745,Escape Plan 2: Hades
9746,The Upside
9747,Wish Upon
9748,The Spacewalker
9749,Jay and Silent Bob Reboot
9750,Female Fight Squad
9751,Gangster
9752,Under the Smokey Roof
9753,21 Days Later
9754,Wolfwalkers
9755,Godha
9756,Turning Mecards W: Resurrection of the Black Mirror
9757,Tanz der Zuckerfee
9758,The Beach Bum
9759,For Love
9760,Toilet: A Love Story
9761,Secret Superstar
9762,Baadshaho
9763,Jab Harry Met Sejal
9764,Tiger Zinda Hai
9765,Angamaly Diaries
9766,Goosebumps 2: Haunted Halloween
9767,Proud Mary
9768,The Last Full Measure
9769,The First Purge
9770,The Ghazi Attack
9771,Georgettan's Pooram
9772,The Way of All Pests
9773,"Don't Worry, He Won't Get Far on Foot"
9774,Phoenix Forgotten
9775,Thirst
9776,Underwater
9777,Hellraiser: Judgment
9778,The Bookshop
9779,Game Night
9780,Fighting with My Family
9781,The Darkest Minds
9782,Selfie
9783,Acts of Vengeance
9784,Bad Times at the El Royale
9785,Assassination Nation
9786,Bacurau
9787,The Post
9788,Life Itself
9789,All the Money in the World
9790,The Girl in the Spider's Web
9791,Trolls World Tour
9792,Smallfoot
9793,Adrift
9794,Skyscraper
9795,Snow White
9796,The Little Mermaid
9797,A Quiet Place
9798,Guardians of the Galaxy Vol. 3
9799,Pokémon Detective Pikachu
9800,Restricted Area - Baron Palace
9801,Kickboxer: Retaliation
9802,Pad Man
9803,Dolittle
9804,The Jungle Bunch
9805,"Love, Simon"
9806,Çalgı Çengi: İkimiz
9807,Expendable Assets
9808,Den of Thieves
9809,Machine
9810,The Hustle
9811,Isn't It Romantic
9812,My Pet Dinosaur
9813,Ip Man 4: The Finale
9814,Chasing the Dragon
9815,The Invincible Dragon
9816,Sakhavu
9817,Tiyaan
9818,The Man Who Invented Christmas
9819,Glass
9820,Arif V 216
9821,The Forgiven
9822,Jungle Cruise
9823,Wasp Network
9824,Diary of Fireflies
9825,Beautiful Boy
9826,BPM (Beats per Minute)
9827,Double Lover
9828,The Ethereal
9829,Manje Bistre
9830,Puthan Panam
9831,Wolf Warrior 2
9832,Foreign Prayer
9833,"Tad, the Lost Explorer, and the Secret of King Midas"
9834,Serenity
9835,The Big Bad Fox and Other Tales
9836,The 15:17 to Paris
9837,Monkey King vs. Er Lang Shen
9838,Ava
9839,Doctor Strange in the Multiverse of Madness
9840,Gemini Man
9841,Arctic
9842,Rakshadhikari Baiju (Oppu)
9843,Action Point
9844,God's Not Dead: A Light in Darkness
9845,Saaho
9846,Night School
9847,The Kid Who Would Be King
9848,Today Match at 3
9849,UglyDolls
9850,Benedetta
9851,"Help, I Shrunk My Parents"
9852,Overboard
9853,Sonic the Hedgehog
9854,The Angry Birds Movie 2
9855,Fukrey Returns
9856,The Spy Who Dumped Me
9857,Crazy Rich Asians
9858,Meri Pyaari Bindu
9859,Knights of the Zodiac
9860,The Recall
9861,9/11
9862,Bad Genius
9863,Domino
9864,Tag
9865,The Humanity Bureau
9866,Judwaa 2
9867,Hindi Medium
9868,Medium Rare
9869,All About Asado
9870,Hellboy
9871,Lakshyam
9872,Champions
9873,Mary Queen of Scots
9874,Ramante Edanthottam
9875,Guns Akimbo
9876,Return of the Hero
9877,Achayans
9878,Myths
9879,About Love. Adults Only
9880,Superlopez
9881,The Last Warrior
9882,John Wick: Chapter 3 - Parabellum
9883,Lucky Boy
9884,Missing Link
9885,Vivarium
9886,Mamma Mia! Here We Go Again
9887,Oru Cinemakkaran
9888,Monster Hunter
9889,Peppermint
9890,Us
9891,First Reformed
9892,The Latin Dream
9893,Charlie's Angels
9894,Mavka: The Forest Song
9895,Kaala
9896,No Safe Spaces
9897,The Boss Baby: Family Business
9898,Boo 2! A Madea Halloween
9899,The Brand New Adventures of Aladdin
9900,Monica and Friends: Bonds
9901,Mahanati
9902,Braven
9903,Captain
9904,Truth or Dare
9905,Thawed Carp
9906,Buy Me
9907,Resident Evil: Welcome to Raccoon City
9908,Mortal Kombat
9909,Operation Red Sea
9910,I Feel Pretty
9911,Mandy
9912,Agni I.P.S.
9913,Code 8
9914,Pari
9915,Haseena Parkar
9916,China Salesman
9917,Babumoshai Bandookbaaz
9918,Dead Trigger
9919,Ayaal Sassi
9920,Doraemon: Nobita's Great Adventure in the Antarctic Kachi Kochi
9921,Hands together
9922,Woody Woodpecker
9923,Cebiche de Tiburón
9924,When the Trees Fall
9925,Mehrunisa V Lub U
9926,The Peanut Butter Falcon
9927,Johnny English Strikes Again
9928,Barood
9929,Shadow
9930,Siblings Are Forever: The Grand Journey
9931,The House with a Clock in Its Walls
9932,Jailbait
9933,Wonder Woman 1984
9934,On Trial
9935,Ittefaq
9936,Acrimony
9937,A Madea Family Funeral
9938,The Girl from Yesterday
9939,Queen
9940,The Grudge
9941,Cycle
9942,Punjab Nahi Jaungi
9943,Every Day
9944,If Beale Street Could Talk
9945,The Informer
9946,Once Upon a Time... in Hollywood
9947,"How Viktor ""The Garlic"" Took Alexey ""The Stud"" to the Nursing Home"
9948,Speed Kills
9949,Killers of the Flower Moon
9950,Sunday Holiday
9951,The Rhythm Section
9952,Satan's Slaves
9953,Bareilly Ki Barfi
9954,The Zone of Interest
9955,Football or Me
9956,Fidaa
9957,Unsane
9958,Lines of Glory
9959,Seeking Nirvana
9960,In the Heights
9961,Revenge
9962,Run
9963,Camp Cool Kids
9964,The Rose of the Rancho
9965,Tolkien
9966,The Insult
9967,The Rising Hawk
9968,The Shadow
9969,Naughty Grandma
9970,The Mix-up
9971,Crimea
9972,5 in the Afternoon
9973,The Hate U Give
9974,Summer of 84
9975,Hearts Beat Loud
9976,I Can Only Imagine
9977,7 Months Pregnant
9978,Batman: Gotham by Gaslight
9979,Corpus Christi
9980,Shubh Mangal Saavdhan
9981,Poster Boys
9982,The Last Warrior
9983,Golmaal Again
9984,Thugs of Hindostan
9985,The Goat Life
9986,Flower Is a Matchmaker
9987,Boy Erased
9988,Ayla: The Daughter of War
9989,Zoo
9990,Uncut Gems
9991,Traffik
9992,A Special Day
9993,Arjun Reddy
9994,Apostasy
9995,Inhumans: The First Chapter
9996,Uncle Drew
9997,It Chapter Two
9998,Samson
9999,Teen Titans Go! To the Movies
10000,Take Off
10001,A Rainy Day in New York
10002,Joker
10003,Sarigama
10004,The King's Man
10005,The Front Runner
10006,"Paul, Apostle of Christ"
10007,The Broken Key
10008,The Painted Bird
10009,The Twin
10010,Just a Breath Away
10011,Dog Days
10012,In Perfect Health
10013,Super Furball
10014,The Purity of Vengeance
10015,Men in Black: International
10016,The Outlaws
10017,The Children of Genghis
10018,The Art of Self-Defense
10019,Escape Plan: The Extractors
10020,47 Meters Down: Uncaged
10021,Bilen Kazanıyor
10022,The Curse of La Llorona
10023,Creed II
10024,Let There Be Light
10025,The Addams Family
10026,The Call of the Wild
10027,Die in a Gunfight
10028,Don't Breathe 2
10029,Kart Horoz
10030,The Apparition
10031,Night Shift
10032,The Fixies: Top Secret
10033,Veere Di Wedding
10034,Dead Man's Line
10035,The Stolen
10036,A Simple Favor
10037,The Wolf's Call
10038,Anna
10039,Istanbul Give Me Your Hand
10040,Redbad
10041,Afterwards
10042,Il vegetale
10043,Shaft
10044,Red Shoes and the Seven Dwarfs
10045,Searing Summer
10046,Linklater: On Cinema and Time
10047,What Men Want
10048,BlacKkKlansman
10049,The Kitchen
10050,3 from Hell
10051,Eighth Grade
10052,Blaze
10053,Destination Wedding
10054,American Animals
10055,Searching
10056,Green Book
10057,New Year's Eve
10058,Boss 2
10059,Eseng ng Tondo
10060,Judy
10061,Instant Family
10062,Burning
10063,Gully Boy
10064,Raazi
10065,Mohey
10066,Foxtrot Six
10067,Marriage Story
10068,Cops and Robbers
10069,The Big Sleaze
10070,Ben Is Back
10071,Dilan 1990
10072,The Kid
10073,The Turning
10074,Drought and Lies
10075,Şoför Nebahat Bizde Kabahat
10076,Beats
10077,Dungeons & Dragons: Honor Among Thieves
10078,Operation Finale
10079,Aiyaary
10080,Hichki
10081,The Dangerous Stranger
10082,Hereditary
10083,Ang Panday
10084,Shob Bhooturey
10085,Sonsuz Geceler
10086,Benji
10087,Limonov: The Ballad
10088,Saya e Khuda e Zuljalal
10089,Birds of Prey (and the Fantabulous Emancipation of One Harley Quinn)
10090,Marche avec moi
10091,Heartthrob
10092,Parasite
10093,Sanju
10094,Batti Gul Meter Chalu
10095,"Miraculous: Ladybug & Cat Noir, The Movie"
10096,Baaz: A Bird in Danger
10097,Khopdi: The Skull
10098,Sar Kati Laash
10099,When I Grow Up
10100,Amazon Obhijaan
10101,Code Blue: The Movie
10102,Black Widow
10103,Çifte Tabancalı Damat
10104,Breaking In
10105,Triangle of Sadness
10106,Sin
10107,Bullet
10108,Mia and the White Lion
10109,Aline
10110,Never Grow Old
10111,Sudden Reality
10112,Oxidan
10113,Dora and the Lost City of Gold
10114,Ho Sakta Hai!
10115,Aadhi Raat
10116,Dafan
10117,Darinda
10118,Duplicate Jaani Dushman
10119,The Golden Cage
10120,1976: O Ano da Invasão Corinthiana
10121,SuperFly
10122,Upgrade
10123,Miss Bala
10124,Primal
10125,Doctor Sleep
10126,Hate Story IV
10127,Dokhtar Amoo Va Pesar Amoo
10128,Abdullah from Minye
10129,Synonyms
10130,Paragraph 78: Film Two
10131,A Journal for Jordan
10132,A Beautiful Day in the Neighborhood
10133,Bill & Ted Face the Music
10134,Bharat Ane Nenu
10135,Seven Awkward Sex Scenes. Part One
10136,The Super Mario Bros. Movie
10137,Zabih
10138,Ma
10139,Book Club
10140,Swingers
10141,Freaks & Errors: A Rare Collection
10142,Azar
10143,Dragon Ball Super: Broly
10144,Second Act
10145,Army of the Dead
10146,Raid
10147,The Lighthouse
10148,Mahabharat
10149,Confiscation
10150,The Mule
10151,Woodpecker
10152,Lottery
10153,Scent of Wheat
10154,Istanbul Junction
10155,Motherless Brooklyn
10156,Rocketman
10157,The Bob's Burgers Movie
10158,Empowered
10159,Death on the Nile
10160,Unfriended: Dark Web
10161,My Hero Academia: Two Heroes
10162,Forbidden
10163,Serial (Bad) Weddings 2
10164,Detective Chinatown 2
10165,Booye Gandom
10166,Booksmart
10167,Black Panther: Wakanda Forever
10168,Happy Birthday
10169,T-34
10170,Prospect
10171,The Awakener
10172,The Riven
10173,Someone Wants to Talk with You
10174,Mastaneh
10175,Magical Trip
10176,Unbroken: Path to Redemption
10177,Tanks for Stalin
10178,Hurricane
10179,Teefa in Trouble
10180,Thief of Dolls
10181,100W Bulb
10182,Climax
10183,Jurassic World Dominion
10184,Five Nights at Freddy's
10185,En kluven stad
10186,The Killer's Game
10187,El Angel
10188,Gulabjaam
10189,I'm His Wife
10190,Onward
10191,Soul
10192,Sad Hill Unearthed
10193,The Next Guardian
10194,Kropemann
10195,Danger Close: The Battle of Long Tan
10196,Juna
10197,A Dog's Way Home
10198,The Sun Is Also a Star
10199,The Boy and the Heron
10200,The Eight Hundred
10201,Luca
10202,Turning Red
10203,"From My Window, Without a Home"
10204,Spy Cat
10205,The Fanatic
10206,Solstice
10207,Seberg
10208,Parole
10209,The Record Is Equal To The Document
10210,The Good Liar
10211,"My Sailor, My Love"
10212,The Dirt on Soap
10213,West Side Story
10214,Crawl
10215,Cake
10216,Red Notice
10217,Happy Death Day 2U
10218,Jumanji: The Next Level
10219,Honey Boy
10220,Lady and the Tramp
10221,Leaving Afghanistan
10222,Stuber
10223,Trouble Is My Business
10224,Boss Level
10225,One Cut of the Dead
10226,The Debt Collector
10227,A Woman With a Bad Reputation
10228,Savage
10229,Invasion
10230,Mara
10231,Breakthrough
10232,Nobody's Fool
10233,Badang
10234,The Hunt
10235,The Aeronauts
10236,Jojo Rabbit
10237,Yesterday
10238,StarDog and TurboCat
10239,Dany
10240,Rahul Subramanian: Kal Main Udega
10241,Partida
10242,Antlers
10243,Without Me
10244,The Empty Man
10245,Gundala
10246,Paddington in Peru
10247,Khargiush
10248,Vespiary
10249,Balkan Line
10250,Haunt
10251,Hatching
10252,The Realm
10253,Tesla
10254,Hello Guru Prema Kosame
10255,Lancaster Skies
10256,How I Became Russian
10257,Our Great-Grandfather's Grandfather
10258,Four Twenty
10259,Capernaum
10260,The Spy Gone North
10261,Along with the Gods: The Last 49 Days
10262,Whistle
10263,Sesh Sangbad
10264,Three Heroes: The Heiress to the Throne
10265,Animal World
10266,Pain and Glory
10267,Aschhe Abar Shabor
10268,Batas Ng .45
10269,Despicable Me 4
10270,The Real Chainsaw Massacre
10271,Bodies Bodies Bodies
10272,Taxiwala
10273,Loro 2
10274,A Quiet Place Part II
10275,The Personal History of David Copperfield
10276,Annabelle Comes Home
10277,Coffee for All
10278,Good Boys
10279,The 355
10280,Midway
10281,Just Mercy
10282,Peter Rabbit 2: The Runaway
10283,A Dog's Journey
10284,The Gentlemen
10285,Escape Room
10286,The Art of Racing in the Rain
10287,Hitman's Wife's Bodyguard
10288,Rambo: Last Blood
10289,Late Night
10290,Whatever God Wants
10291,Dragon Rider
10292,Inmate Zero
10293,Maestro
10294,Dreamy
10295,Words on Bathroom Walls
10296,Megalodon
10297,Greenland
10298,The Intruder
10299,The Report
10300,The Many Saints of Newark
10301,Eternals
10302,Crown Vic
10303,Dynasty Warriors
10304,Bombshell
10305,My Cousin the Sexologist
10306,Like a Boss
10307,Little
10308,Mulk
10309,Don't Be Embarassed
10310,Morbius
10311,Five Feet Apart
10312,Asterix: The Secret of the Magic Potion
10313,Raya and the Last Dragon
10314,Overcomer
10315,Serial Rabbit V: The Epic Hunt
10316,Muslum
10317,Bindaas
10318,Dogman's Rabies: Underdog
10319,Major Grom: Plague Doctor
10320,The Croods: A New Age
10321,The Japon
10322,Two Sisters
10323,The Queen
10324,The Way Back
10325,The Inspirations
10326,The Witch: Part 1. The Subversion
10327,Midsommar
10328,Human Comedy
10329,The Devil's Flower
10330,1917
10331,Brightburn
10332,Portrait of a Lady on Fire
10333,The Tax Collector
10334,Piano to Zanskar
10335,Texas
10336,Ladies Barber
10337,The Outpost
10338,Block Z
10339,The Boogeyman
10340,The Prodigy
10341,Firestarter
10342,Mohamad Ali's Street
10343,Death of a Nation
10344,The Shiny Shrimps
10345,Kahit Butas Ng Karayom Papasukin Ko...
10346,Karwaan
10347,Walang Matigas na Tinapay sa Mainit na Kape
10348,Waves
10349,Deadpool & Wolverine
10350,Child's Play
10351,The Hymns of Muscovy
10352,Stree
10353,Blinded by the Light
10354,Racetime
10355,Andhadhun
10356,Rabidity
10357,21 Bridges
10358,The Great Battle
10359,Downton Abbey
10360,The Dead Don't Die
10361,Brian Banks
10362,Dalahoo
10363,Hypnotic
10364,Motherland
10365,M3GAN
10366,Queen & Slim
10367,Cats
10368,Gosnell: The Trial of America's Biggest Serial Killer
10369,After
10370,We Die Young
10371,Manticore
10372,Deportees 3
10373,Unbound
10374,Fragments of Truth
10375,Relic
10376,L'Amour flou
10377,Khandan
10378,Fantasy Island
10379,Zola
10380,Don't Let Go
10381,DC League of Super-Pets
10382,Freaks
10383,Kraven the Hunter
10384,Monica
10385,Hustlers
10386,My Beloved Enemy
10387,Zilli Nazife
10388,Maharshi
10389,This Changes Everything
10390,Loro
10391,Privacy
10392,Chhakka Panja 3
10393,The French Dispatch
10394,Feast of Sorrow
10395,Gretel & Hansel
10396,While at War
10397,Parwaaz Hai Junoon
10398,Abuela's Luck
10399,The Boat
10400,Jawani Phir Nahi Ani 2
10401,Dark Figure of Crime
10402,Sarkari. Hi. Pra. Shale Kasaragodu
10403,Liebe auf Persisch
10404,Aandavar
10405,Everything Everywhere All at Once
10406,Run
10407,Bully
10408,Paskal
10409,Knives Out
10410,Woman's Enemy
10411,Pari
10412,Two Syllables Behind
10413,Badhaai Ho
10414,Color Out of Space
10415,American Dresser
10416,Marham
10417,Last Christmas
10418,The Brutalist
10419,The Secret: Dare to Dream
10420,Shaolin Heroes
10421,Mask
10422,Katyusha
10423,Lee Chong Wei: Rise of the Legend
10424,Free Guy
10425,Don't Show Mother
10426,Medieval
10427,Bearer
10428,Freaky
10429,Black Christmas
10430,Dark Waters
10431,Joe Bell
10432,Hole in the Pants
10433,Shu Thayu?
10434,The Head Hunter
10435,The Legend of the Christmas Witch
10436,The Lost Daughter
10437,Playing with Fire
10438,Evanescence: Synthesis Live
10439,The Mongolian Conspiracy
10440,"No manches, Frida 2: paraíso destruido"
10441,Davandeye Zamin
10442,"Are You There God? It's Me, Margaret."
10443,Sheyda
10444,Brahms: The Boy II
10445,Shabash
10446,Crimean Bridge. Made With Love!
10447,Emma.
10448,Three Thousand Years of Longing
10449,Polis Evo 2
10450,The Trial of the Chicago 7
10451,Kung Food
10452,Mainstream
10453,Stereoblood
10454,Gladiator II
10455,The Color Purple
10456,Dalila
10457,The Man Who Knew too Much
10458,Tazweer Fe Awraq Rasmia
10459,The Green Knight
10460,Tanha dar chand Daghighe Sukut
10461,Rhino Horn
10462,Shanghai Fortress
10463,Shock Wave 2
10464,Monkey Man
10465,Skylines
10466,Sasha Was Here
10467,Naked Night
10468,The Ash Lad: In Search of the Golden Castle
10469,Objects in Mirror
10470,August
10471,Over the Hill to the Poorhouse
10472,Temptation
10473,Maria Rosa
10474,The Snow Queen: Mirror Lands
10475,Candyman
10476,The First King
10477,The Elephant King
10478,The Farewell
10479,Roe v. Wade
10480,Blue Beetle
10481,Dosti
10482,A Girl Called Apple
10483,Shang-Chi and the Legend of the Ten Rings
10484,Impractical Jokers: The Movie
10485,The Curse
10486,Tofigh-e Ejbari
10487,Kölcsönlakás
10488,Greed
10489,Once Upon a Deadpool
10490,Ready or Not
10491,Extreme Job
10492,Dear Evan Hansen
10493,Furie
10494,Swingers 2
10495,Encanto
10496,Offending Angels
10497,Khaleel after Modification
10498,Snake Eyes: G.I. Joe Origins
10499,Spider-Man: Across the Spider-Verse
10500,Mamangam
10501,Fakir Bir Kız Sevdim
10502,The Invisible Man
10503,Come Play
10504,Freaks Out
10505,Valhalla
10506,Race to Freedom: Um Bok-dong
10507,Neptune's Daughter
10508,EXIT
10509,Aquaman and the Lost Kingdom
10510,Goodnight Moon
10511,The Goya Murders
10512,An Egg Rescue
10513,Bad Boys: Ride or Die
10514,Strike
10515,White Snake
10516,Gunpowder Milkshake
10517,Only the Animals
10518,I Can Quit Whenever I Want
10519,Eye for an Eye
10520,The Hero
10521,One Second
10522,Abigail
10523,The New King of Comedy
10524,The Watchman
10525,Mission: Impossible - Dead Reckoning Part One
10526,Project Gemini
10527,Odessa
10528,Mama Weed
10529,Secret Zoo
10530,4x4
10531,Son of a Rich
10532,Unplanned
10533,Indestructible: Afterlife
10534,Name-Day
10535,Last Night in Soho
10536,(UN)Ideal Man
10537,Hot Naked Sex & the City
10538,The Ninth
10539,Kaamelott: The First Chapter
10540,Spaggheti Western
10541,Kabir Singh
10542,Tenet
10543,Dilan 1991
10544,Black and Blue
10545,Boss: Born to Rule
10546,Rangbaaz
10547,Those Who Wish Me Dead
10548,U Get What U Kiss
10549,Reminiscence
10550,Bala
10551,The King of Staten Island
10552,RRR
10553,Another Round
10554,Venom: Let There Be Carnage
10555,Astro Kid
10556,Kingdom Men Rising
10557,Hutsul Girl Ksenia
10558,News of the World
10559,Ashfall
10560,Space Sweepers
10561,Peninsula
10562,Deliver Us from Evil
10563,"The Gangster, the Cop, the Devil"
10564,Nomadland
10565,Natasaarvabhowma
10566,Promising Young Woman
10567,Salad Days
10568,"Oh, Ramona!"
10569,The Best Is Yet to Come
10570,Martin Eden
10571,Judas and the Black Messiah
10572,Tanhaji: The Unsung Warrior
10573,Hotel Transylvania: Transformania
10574,Escape Room: Tournament of Champions
10575,I Still Believe
10576,Clifford the Big Red Dog
10577,Fire
10578,War
10579,Las llaves de la memoria
10580,Plane Tree
10581,Music
10582,The Master and Margarita
10583,The Sholay Girl
10584,Mars Express
10585,Les Misérables
10586,This Was My Father's Crime
10587,Father There Is Only One
10588,K.G.F: Chapter 2
10589,The Rental
10590,Kensuke's Kingdom
10591,Palm Springs
10592,Tom & Jerry
10593,Queens Of Combat QOC 3
10594,Queens of Combat QOC 8
10595,Queens Of Combat QOC 11
10596,Queens Of Combat QOC 12
10597,Queens Of Combat QOC 13
10598,The Tomorrow War
10599,Turkish Ice Cream
10600,Dragonkeeper
10601,AINBO: Spirit of the Amazon
10602,Savages
10603,The Photograph
10604,The Last Warrior: Root of Evil
10605,The Nutcracker and the Magic Flute
10606,Chernobyl: Abyss
10607,Love and Monsters
10608,Jiu Jitsu
10609,The Craft: Legacy
10610,Mardaani 2
10611,The Pirates: The Last Royal Treasure
10612,Mosebacke monarki
10613,Kalashnikov AK-47
10614,Don't Stop Me Now
10615,Sooryavanshi
10616,Pleasure
10617,Megalopolis
10618,My Spy
10619,Respect
10620,Diabolik
10621,Tolo Tolo
10622,The Menu
10623,Palau the Movie
10624,Baaghi 3
10625,Sputnik
10626,Shazam! Fury of the Gods
10627,La Belle Époque
10628,Let Him Go
10629,Chhichhore
10630,Once a Year
10631,Denizciler Geliyor
10632,The Green Marker Scare
10633,Killing Poe
10634,Nightmare Alley
10635,Ve Allah Gençleri Yarattı
10636,Damga
10637,Pinocchio: A True Story
10638,Voyagers
10639,The Last Warrior: Emissary of Darkness
10640,Blood Quantum
10641,Ölünceye Kadar
10642,Astrapogiannos
10643,Bar Wrestling 17 Not Bad For Tourists
10644,WWR The Show Must Go On
10645,GWF Women's Wrestling Revolution 7
10646,GWF Women Wrestling Revolution 6
10647,GWF Women's Wrestling Revolution 5
10648,GWF Women's Wrestling Revolution 8: All Eyes On Us
10649,Stardom New Years Stars  Tag 3 (Evening Show)
10650,Bar Wrestling 21: Breastlemania
10651,GWF. Women Wrestling Revolution 10
10652,GWF Women's Wrestling Revolution 9: Let The Hunt Begin
10653,Countdown
10654,"Ay, Juancito"
10655,The Father
10656,Legacy of Lies
10657,My Cousin
10658,83
10659,Laal Singh Chaddha
10660,Alienoid
10661,Fatman
10662,The Forever Purge
10663,The Little Things
10664,Hostage: Missing Celebrity
10665,Into the Labyrinth
10666,Detective Chinatown 3
10667,Spiral: From the Book of Saw
10668,Olivia's Cross
10669,Dream Horse
10670,WWE Money in the Bank 2019
10671,Ardaas Karaan
10672,John Wick: Chapter 4
10673,Insatiable
10674,Özleyiş
10675,OSS 117: From Africa with Love
10676,Den of Thieves 2: Pantera
10677,Golden Men
10678,The Wretched
10679,Operation Cage
10680,Blackia
10681,Tu Hi Re
10682,Ittymaani: Made In China
10683,The Goddess of Fortune
10684,Rocketry: The Nambi Effect
10685,Sarileru Neekevvaru
10686,Nine Days
10687,Hızlı ve Tüplü
10688,Adam Mısın!
10689,New York Masalı
10690,Çift'lik Bank: Tosun Firarda
10691,My Thoughts Are Silent
10692,iSmart Shankar
10693,The Marvels
10694,The Earth of Mankind
10695,The Fire Inside
10696,Halloween Kills
10697,Erik Stoneheart
10698,Do You Do You Saint-Tropez
10699,Mission Mangal
10700,Promise of Pisa
10701,Below the Surface
10702,Every Time I Die
10703,Bright Red
10704,"Live Twice, Love Once"
10705,A Good Doctor
10706,30 Days Max
10707,After We Collided
10708,Beshoot
10709,Venky Mama
10710,Insidious: The Red Door
10711,Mank
10712,#Alive
10713,King Richard
10714,Teenage Mutant Ninja Turtles: Mutant Mayhem
10715,Elvis
10716,Bros
10717,The Secrets We Keep
10718,The 9th Precinct
10719,Ne Zha
10720,Nobody
10721,Minari
10722,Meg 2: The Trench
10723,Babylon
10724,Marry Me
10725,Armageddon Time
10726,Thor: Love and Thunder
10727,Jim Button and the Wild 13
10728,BoBoiBoy: Elemental Heroes
10729,K-12
10730,Stillwater
10731,Haunted Mansion
10732,Halloween Ends
10733,Si Juki the Movie: Harta Pulau Monyet
10734,Hamka & Siti Raham Vol. 2
10735,The Last Duel
10736,Path to the Dream
10737,Tattoo Girls
10738,Sisters in Arms
10739,Arthur the King
10740,Afflatus
10741,Banat Hawaa
10742,The Platform
10743,The Cabin House
10744,Force of Nature
10745,Don't Worry Darling
10746,Malignant
10747,The Roundup
10748,Ella Bella Bingo
10749,The servant
10750,My Mom Is a Character 3
10751,Jexi
10752,Blue Story
10753,The Reality of Van Life
10754,Next Goal Wins
10755,Amod Faqrey
10756,Kanguva
10757,Timecrowave
10758,Sinkhole
10759,Untold Stories of Columbine
10760,The Lies We Tell But the Secrets We Keep: Part 3
10761,The Burning Sea
10762,Poetry Betwixt Friendship
10763,Chambaili : The Fragrance of Freedom
10764,Sri Asih
10765,Ascendant
10766,VFW
10767,The Matrix Resurrections
10768,Unhinged
10769,Dog
10770,Rules of the Game
10771,Emergency Declaration
10772,Antebellum
10773,Barroz: Guardian of Treasures
10774,L2: Empuraan
10775,Ala Vaikunthapurramuloo
10776,The Dark Days of Demetrius
10777,Run Hide Fight
10778,The Glassworker
10779,Zombie Bro
10780,The Bad Guys
10781,The Vault
10782,18 Presents
10783,Titane
10784,Kolej Havası
10785,Todo por el ascenso
10786,Knock at the Cabin
10787,Old
10788,All My Life
10789,The Unholy
10790,C'mon C'mon
10791,Three Women
10792,Shin Ultraman
10793,Madame Web
10794,The Marksman
10795,Spider-Man: No Way Home
10796,Demon Slayer -Kimetsu no Yaiba- The Movie: Mugen Train
10797,Pig
10798,Clerks III
10799,The Last Voyage of the Demeter
10800,FOMO: Fear of Missing Out
10801,Shithouse
10802,Fate/Grand Order the Movie: Divine Realm of the Round Table: Camelot Wandering; Agateram
10803,Wrath of Man
10804,Spirit Untamed
10805,Miracle in Cell No. 7
10806,Mandibles
10807,KKN: Curse of the Dancing Village
10808,IF
10809,The Northman
10810,Ejen Ali: The Movie
10811,Ant-Man and the Wasp: Quantumania
10812,Me Against You: Mr. S's Vendetta
10813,The Life of Rayful Edmond
10814,Valimai
10815,Nalpathiyonnu
10816,The Murderer of the Night
10817,Milea
10818,Operation Portugal
10819,Asterix & Obelix: The Middle Kingdom
10820,Willy's Wonderland
10821,Twist
10822,Dampyr
10823,House of Gucci
10824,Street Dancer 3D
10825,The Boss Is the Doorman
10826,Moles
10827,White or Black
10828,Don't Look Up
10829,Scream
10830,Plane
10831,The Exorcism
10832,Reagan
10833,The Morning After
10834,The Unbearable Weight of Massive Talent
10835,Lava
10836,Renfield
10837,Black Raven
10838,Bye Bye Morons
10839,The Wolf of Snow Hollow
10840,Kingdom of the Planet of the Apes
10841,Devotion
10842,Caisă
10843,Follow the Crows
10844,Eiffel
10845,Ocean to Sky
10846,Jackass Forever
10847,Driving Licence
10848,Twice Upon a Time in the West
10849,"The Wizard of the Emerald City, Part 1"
10850,5Gang: A Different Kind of Christmas
10851,Varane Avashyamund
10852,Love Likes Coincidences 2
10853,The Marco Effect
10854,Brave the Dark
10855,Summer of 85
10856,Lost Illusions
10857,Ponniyin Selvan: Part I
10858,The Worst Person in the World
10859,Noryang: Deadly Sea
10860,The Innocents
10861,Malang
10862,Glass Onion: A Knives Out Mystery
10863,A Complete Unknown
10864,La Abuela (The Grandmother)
10865,"Infernal Guidon, or Cossack Christmas"
10866,Monica and Friends: Lessons
10867,Black Box
10868,The Great Vairitosky
10869,Terrifier 2
10870,Riders of Justice
10871,Shiva Baby
10872,Gangubai Kathiawadi
10873,Eileen
10874,Amsterdam
10875,Brothers
10876,Seize the Night
10877,Cumbia la reina
10878,Lethal Kittens
10879,Uriyadi
10880,Divorce Club
10881,Past Lives
10882,Legend of Gatotkaca
10883,Infinity Pool
10884,Transformers: Rise of the Beasts
10885,Deep Sea
10886,The Raid
10887,Thappad
10888,Roald Dahl's Matilda the Musical
10889,Father There Is Only One 2
10890,Kralların Öfkesi
10891,The Creator
10892,PG: Psycho Goreman
10893,Les Blagues de Toto
10894,Chaal Gazab Hai
10895,Inner Beauty
10896,Love Mocktail
10897,American Underdog
10898,Mean Girls
10899,Kabaddi Kabaddi Kabaddi
10900,The Banshees of Inisherin
10901,Young Love
10902,Sonic the Hedgehog 2
10903,PAW Patrol: The Movie
10904,Panda Bear in Africa
10905,"Tad, the Lost Explorer and the Emerald Tablet"
10906,The Amazing Maurice
10907,The Inventor
10908,Creed III
10909,HIT: The First Case
10910,Sound of Freedom
10911,Rescue Me: A Home 4 Spot
10912,The Color of Your Skin
10913,Love on Demand
10914,Anxious America
10915,Flee
10916,Eden
10917,Cosmic Sin
10918,Rómulo y Julita
10919,Where the Crawdads Sing
10920,Shortcut
10921,Anowara
10922,The Cart
10923,Common Gender
10924,Imitation
10925,King Kong vs. Godzilla
10926,Occupation: Rainfall
10927,The Perfect Date
10928,Rana Vikrama
10929,Boundary
10930,The Doors Between Us
10931,Tres Escapularios
10932,Midnight in the Switchgrass
10933,Dune: Part Two
10934,Amira.. My Love
10935,Lansky
10936,Roohi
10937,The Garage
10938,Money Plane
10939,Al Abtaal
10940,The Hunger Games: The Ballad of Songbirds & Snakes
10941,Bhool Bhulaiyaa 2
10942,Go! Go! Cory Carson: The Chrissy
10943,Whitney Houston: I Wanna Dance with Somebody
10944,Mickey 17
10945,Il regno
10946,The Liar
10947,Redeeming Love
10948,Transformers One
10949,65
10950,"Sí, Mi Amor"
10951,The Sweetness of Love
10952,The Exit
10953,Bigfoot Family
10954,Dropping Gear
10955,The Stigma
10956,My Friend Karl
10957,Challenges
10958,The Runaway Bride
10959,Boyzhetken: She's ALL That
10960,Fool's Paradise
10961,Wolf Man
10962,The Fern's Army
10963,Party of Fools
10964,Sweat
10965,The Summit of the Gods
10966,Evil Dead Rise
10967,Alice
10968,Serial (Bad) Weddings 3
10969,Argentina 1985
10970,Yajamana
10971,Spencer
10972,Finding Home
10973,Por qué no me tocó ser Michael Keaton?
10974,Jeepers Creepers: Reborn
10975,Kandahar
10976,Licorice Pizza
10977,The Big Brother
10978,For Who's Your Passion
10979,What's My Fault
10980,Neighborhood
10981,Lightyear
10982,Twisters
10983,A Nice Girl Like You
10984,Bullet Train
10985,Tarot
10986,Jesus Revolution
10987,Tiger 3
10988,Songbird
10989,Care of Footpath
10990,Host
10991,Dearest Beloved
10992,The Woman King
10993,"Confess, Fletch"
10994,Blues for Life
10995,The Gray Man
10996,Project Silence
10997,Irati
10998,Kraanthiveera Sangolli Raayanna
10999,A Go! Go! Cory Carson Summer Camp
11000,Cats & Dogs 3: Paws Unite
11001,Preparations to Be Together for an Unknown Period of Time
11002,Hunt
11003,"Quo Vadis, Aida?"
11004,Dog King
11005,Nightbitch
11006,Cyrano
11007,Spirits and Rocks: An Azorean Myth
11008,Noir
11009,Guest from the Future
11010,Jahnabi
11011,It's me against you - The mystery of the spellbound school
11012,The Peasants
11013,Adipurush
11014,Incredible But True
11015,Copshop
11016,Arees Fe Al Yanaseb
11017,Sherina's Adventure 2
11018,Operation Fortune: Ruse de Guerre
11019,The Flying Ship
11020,Giganten
11021,Vikram
11022,Jatrai Jatra
11023,After We Fell
11024,After Ever Happy
11025,PGS: Personal Guidance System
11026,White Noise
11027,Delicious
11028,The Fall Guy
11029,Al Sharida
11030,Asteroid City
11031,One Way
11032,It's a Summer Film!
11033,The Lady of Heaven
11034,The Garfield Movie
11035,The Last Picture Show in Bucharest
11036,Petite Maman
11037,Vysehrad: Fylm
11038,Cry Macho
11039,Short Circuit
11040,Chebi: My Fluffy Friend
11041,Umma
11042,Maigret
11043,The Lost City
11044,The Moon
11045,DeMarcus Cousins Presents Boogie's Comedy Slam
11046,Origin
11047,Napoleon
11048,Vicky and Her Mystery
11049,Baranda
11050,Hitpig!
11051,The Black Phone
11052,The Kingdom of Fun
11053,The Butcher's Daughter
11054,Shaweesh Noss El-leil
11055,The Pope's Exorcist
11056,Love Again
11057,Drive My Car
11058,"Hi, Mom"
11059,Reset
11060,Living
11061,X
11062,Orphan: First Kill
11063,The Lift
11064,Gold
11065,Joji Presents: THE EXTRAVAGANZA
11066,His Only Son
11067,Retribution
11068,A Quiet Place: Day One
11069,Nope
11070,Mufasa: The Lion King
11071,Ganapath
11072,Damsel
11073,Ambulance
11074,Red Rocket
11075,The Divide
11076,The Unbreakable Boy
11077,See How They Run
11078,Ways of the Heart
11079,Fukrey Boyzzz: Space Mein Fukrapanti
11080,Blood Pi
11081,Bidhatar Lekha
11082,Missing
11083,One Life at a Time
11084,Dua Lipa: Studio 2054
11085,Salaar: Part 1 - Ceasefire
11086,Rise
11087,Men Gheir Ma'ad
11088,Mako
11089,The Explosion of Silence
11090,Zombie Reddy
11091,Your Parents Will Come Back
11092,Dog Man
11093,Garcia & Garcia
11094,Young Woman and the Sea
11095,Decibel
11096,CODA
11097,Women Talking
11098,Belfast
11099,9 Bullets
11100,The Battle at Lake Changjin
11101,White Bird
11102,The Wolf and the Lion
11103,Men
11104,Animal
11105,Moonlight Sonata
11106,Fighter
11107,La banda en la isla de la magia
11108,The Whale
11109,Ozi: Voice of the Forest
11110,Old Henry
11111,The Guardian
11112,Furiosa: A Mad Max Saga
11113,"Dad, I'm Sorry"
11114,五女拜寿
11115,Wonka
11116,Fortuna Lake
11117,Cairo Conspiracy
11118,Adventure of a Panda
11119,I.S.S.
11120,Bones and All
11121,Dumb Money
11122,Poor Things
11123,God's Not Dead: We The People
11124,The Plague
11125,The School of the Magical Animals
11126,Kubi
11127,The Three Musketeers: D'Artagnan
11128,Army of Thieves
11129,The House-Bell
11130,Chapiteau Show: Respect and Cooperation - Part 2
11131,Beau Is Afraid
11132,Attack
11133,Bhediya
11134,Project Wolf Hunting
11135,The Ministry of Ungentlemanly Warfare
11136,Better Man
11137,The Outfit
11138,The Killer
11139,Werewolves Within
11140,The Kids Are Alright: Destination Asturias
11141,Ticket to Paradise
11142,Kidnapped
11143,Kalki 2898-AD
11144,F3: Fun and Frustration
11145,Bob Marley: One Love
11146,The Requin
11147,The Fabelmans
11148,Cocaine Bear
11149,Alcarràs
11150,Fukrey 3
11151,Camellia Sisters 5 - Living Like Royalty
11152,The Exorcist: Believer
11153,Watcher
11154,Father Stu
11155,Cezmi Band 007 Buçuk
11156,Moonbound
11157,Mafia Mamma
11158,The Visitor from the Future
11159,Adventures in Success
11160,The Young Lovers
11161,Infinite Storm
11162,Devara: Part 1
11163,Game Changer
11164,HIT: The 2nd Case
11165,The United Way
11166,Chevalier
11167,Ready O/R Knot
11168,My Mother Is a Parrot
11169,Empire of Light
11170,Bottoms
11171,Never Let Go
11172,Mummies
11173,Tatlı Bela
11174,TÁR
11175,The Vigil
11176,The Magic Flute
11177,Memory
11178,Kan Gövdeyi Götürdü
11179,Crimes of the Future
11180,Downton Abbey: A New Era
11181,Dinosaur Train: Adventure Island
11182,After Everything
11183,Mr. Local Man
11184,Along Came Love
11185,The Five Devils
11186,Red Island
11187,Doh-Doh Island Adventures
11188,Vanna Thamizh Paatu
11189,Captain America: Brave New World
11190,Priyappettavar
11191,Flow
11192,Nabab Nandini
11193,National Champions
11194,The Boys in the Boat
11195,Godzilla x Kong: The New Empire
11196,Beached
11197,Dream Scenario
11198,Out of Darkness
11199,The Goldfinger
11200,Blacklight
11201,November
11202,The Palace
11203,Easter Sunday
11204,Faces of the Dead
11205,Harold and the Purple Crayon
11206,Fortress
11207,About My Father
11208,Koli Taal
11209,"Lyle, Lyle, Crocodile"
11210,The Invitation
11211,Stealing Raden Saleh
11212,Speak No Evil
11213,Full Time
11214,Child of Nature
11215,The Meaning and Mystery of Life
11216,Poolman
11217,Masquerade
11218,İnatçı Gelin
11219,Brother and Sister
11220,She Said
11221,Robot Dreams
11222,The Lord of the Rings: The War of the Rohirrim
11223,May December
11224,"Me, Myself & I: Lost in Time"
11225,Scarlet
11226,Sisu
11227,The Holdovers
11228,Çıldırtan Kadın
11229,Blink Twice
11230,The Wandering Earth II
11231,Hokm Ba Bazi Gardan Koloft Ha
11232,A Crocodile Who Lived for 100 Days
11233,Cat Person
11234,Suddenly
11235,Marlowe
11236,The Three Musketeers: Milady
11237,Red One
11238,Mad God
11239,Piggy
11240,My secretary is mad... mad... mad...
11241,Argylle
11242,The Beasts
11243,Beddua
11244,"Alice, Darling"
11245,The Iron Claw
11246,The Debt Of Maximillian
11247,Death Is But a Dream
11248,Problemista
11249,Final Cut
11250,Till
11251,Rejects
11252,King of Kotha
11253,Creation of the Gods I: Kingdom of Storms
11254,Virus Mairus
11255,Pushpa 2 - The Rule
11256,I Saw the TV Glow
11257,Ponniyin Selvan: Part II
11258,Kantara
11259,Coup de Chance
11260,Martin
11261,Emily the Criminal
11262,Thallumaala
11263,Joy Ride
11264,Pathaan
11265,Nna Thaan Case Kodu
11266,Come Back Home
11267,The Beekeeper
11268,2018
11269,Guntur Kaaram
11270,Cuckoo
11271,Master Gardener
11272,Marcel the Shell with Shoes On
11273,The Accountant 2
11274,The Day the Earth Blew Up: A Looney Tunes Movie
11275,Oppenheimer
11276,Jawan
11277,At the Mountains of Madness
11278,The Cost of Deception
11279,The Man in the White Van
11280,Strange World
11281,George and Junior - Look Out Below
11282,Lady Joker
11283,Big George Foreman
11284,The Foul Truth
11285,Spaced Out - Panthung Di Kadaaida
11286,Honsla Rakh
11287,No Neck Joe
11288,Coyotaje
11289,The Story of Martin Luther
11290,Gajaman
11291,Fixation
11292,Love Me
11293,Bad Ben
11294,Bad Ben: The Mandela Effect
11295,Boy Kills World
11296,Guy Ritchie's The Covenant
11297,Smile
11298,You Guess… I Bust!
11299,The Green Force
11300,Shororipu 1
11301,Fortress: Sniper's Eye
11302,"Estremecer, Lejos de ti."
11303,The Ambush
11304,No Hard Feelings
11305,Qamar 14
11306,Dante's Shadow of Sin
11307,Dhamaka
11308,Corsage
11309,OMG 2
11310,Joker: Folie à Deux
11311,Omen
11312,A Dangerous Adventure
11313,jansankhya
11314,Last Time in Clerkenwell
11315,The Royal Nightmare
11316,Monster
11317,Masquerade
11318,Who Calcutta the Cheese
11319,Science Please! : The Wonderful World of Colour
11320,PAW Patrol: The Mighty Movie
11321,Foe Paws
11322,Sita Ramam
11323,Be Somebody
11324,The Passengers of the Night
11325,The Burning Cold
11326,Fire
11327,The Cello
11328,The Legend of Ochi
11329,Abraham And Lincoln
11330,Say Cheese
11331,Freelance
11332,Olpo Holeo Sotti
11333,Mr. Otto in 17
11334,EU & USA
11335,Ecosystem
11336,The Snow Queen and the Princess
11337,It Was for You Alfredo Torrisi
11338,Mr. Overton
11339,North Korea; Off-Piste
11340,Violent Night
11341,A Comic Zoom
11342,Watching TV
11343,Automaton
11344,Trolls Band Together
11345,BuzziN'
11346,Life
11347,A Woman Without Restriction
11348,Science Please! : The Internal Combustion Engine
11349,Thunivu
11350,Fluminense Football Club - Centenário de uma Paixão
11351,Saint Nicolas chez les Baltus
11352,Les Baltus Au Cirque
11353,Science Please! : The Force of Water
11354,Science Please! : Wheel Meets Friction
11355,Society of the Snow
11356,Magic Mike's Last Dance
11357,Pizza Boy in No Tip
11358,Chromosaurus
11359,Max's Place
11360,Venom: The Last Dance
11361,Strays
11362,Barbarian
11363,Dolphin
11364,The Civil Dead
11365,Nefarious
11366,Brian and Charles
11367,The Beast
11368,Anatomy of a Fall
11369,The Quiet Girl
11370,Beetlejuice Beetlejuice
11371,Camp Hideout
11372,I Used to Be Funny
11373,The Innocent
11374,Adventure
11375,Yavuz Sultan Selim Ve Yeniçeri Hasan
11376,Evli Mi Bekar Mı
11377,Helal Süt
11378,Jeanne du Barry
11379,Barbaros Hayrettin Paşa
11380,Lale Devri
11381,Edi İle Büdü Tiyatrocu
11382,Edi İle Büdü
11383,Hidden Agenda
11384,Fisherman's Beauty
11385,Mixed by Erry
11386,Bataktaki Kız
11387,İftira
11388,Gurbet
11389,Taş Bebek
11390,Yumurcak
11391,Disco Boy
11392,Twilight of the Warriors: Walled In
11393,Bir Bahar Akşamı
11394,A Brighter Tomorrow
11395,Kahreden Kurşun
11396,Satan's Slaves 2: Communion
11397,Dokunma Bozulurum
11398,Gönül Kuşu
11399,Yalancının Mumu
11400,I Am a Whore
11401,Aşkın Kanunu
11402,Seni Seviyorum
11403,The Equalizer 3
11404,Mother and Son
11405,The Bricklayer
11406,Amaran
11407,The force of nature humanity
11408,The Battle at Lake Changjin II: Water Gate Bridge
11409,La légende de Thierry Mauvignier
11410,The Novelist's Film
11411,Civil War
11412,The Empire
11413,Saltburn
11414,Ah Girls Go Army
11415,Horizon: An American Saga - Chapter 1
11416,The Universal Theory
11417,The Substance
11418,2000 Mules
11419,Kuyruklu Yıldız Altında Bir İzdivaç
11420,Scream VI
11421,A Real Job
11422,Scrapper
11423,Doctor Jekyll
11424,Bade Miyan Chote Miyan
11425,A Man Called Otto
11426,Challengers
11427,Cu4tro
11428,Panghrun
11429,Late Night with the Devil
11430,Sonic the Hedgehog 3
11431,Dicks: The Musical
11432,Here
11433,Migration
11434,Godzilla Minus One
11435,One Day: A Musical
11436,Family Still Matters
11437,80 for Brady
11438,The Animal Kingdom
11439,PRISM
11440,Dogman
11441,Balasubas
11442,Lighting Up the Stars
11443,Post Truth
11444,A Haunting in Venice
11445,Alien: Romulus
11446,Hungama
11447,Just Super
11448,My Old Ass
11449,Dolphin Boy
11450,Жили-были мы
11451,Love Lies Bleeding
11452,Leo
11453,Pearl
11454,Hounds of War
11455,Vidaamuyarchi
11456,A Minecraft Movie
11457,Vaincre ou mourir
11458,Saw X
11459,Reign of Chaos
11460,Original Sin
11461,86 & Lex
11462,Fateh
11463,Me contro Te: Il film - Missione giungla
11464,Run Away - Polayon
11465,Fly Me to the Moon
11466,Consent
11467,Drive-Away Dolls
11468,The Crow
11469,The Kill Room
11470,Mayhem!
11471,Em and Trinh
11472,Beating Hearts
11473,Marguerite's Theorem
11474,Godland
11475,Shark Bait
11476,Domino One
11477,Buya Hamka Vol. 1
11478,Dunki
11479,The Worst Ones
11480,Ding Jun Shan
11481,Move Me
11482,The Taste of Things
11483,Air
11484,Kushi
11485,A Difficult Year
11486,Vincent Must Die
11487,Sniper: The White Raven
11488,Ghostbusters: Frozen Empire
11489,The Nun II
11490,Land of Bad
11491,The Killer
11492,What Happens Later
11493,The Torturer
11494,The Goldman Case
11495,Making Of
11496,Maybe I Do
11497,Last Breath
11498,The End We Start From
11499,Ordinary Angels
11500,Guru Dakshina
11501,Absolution
11502,Conclave
11503,Hit Man
11504,Emilia Pérez
11505,Cabrini
11506,The Return
11507,Wicked Little Letters
11508,Elemental
11509,Emmanuelle
11510,The Book of Clarence
11511,Perfect Days
11512,Ezra
11513,The Crime Is Mine
11514,Last Night of Amore
11515,The Promised Land
11516,Winnie the Pooh: Blood and Honey
11517,Kabaddi 4: The Final Match
11518,Ne Zha 2
11519,Gran Turismo
11520,Bhool Bhulaiyaa 3
11521,Book Club: The Next Chapter
11522,The Arctic Convoy
11523,Marry My Dead Body
11524,Bad Newz
11525,UI
11526,激战前夜
11527,Fall
11528,Theater Camp
11529,Fallen Leaves
11530,Venalmaram
11531,A criminal on leave
11532,Humanist Vampire Seeking Consenting Suicidal Person
11533,Mat Kilau
11534,The Braid
11535,Just the Two of Us
11536,A Guilty Conscience
11537,Manchester in the 1970s
11538,Lisa Frankenstein
11539,All of Us Strangers
11540,Skinamarink
11541,Bu sara fil imara
11542,Enlisted Obaid
11543,Rosalie
11544,Banel & Adama
11545,saat zaman
11546,Nautanki
11547,Nightsiren
11548,Back to Black
11549,Hell of a Summer
11550,The Goldsmith
11551,Babes
11552,Amleto
11553,Hounds
11554,Princes of the Desert
11555,Jeff Panacloc : À la poursuite de Jean-Marc
11556,I'm Still Here
11557,Marching Band
11558,Block Pass
11559,Open Season
11560,Yaariyan 2
11561,Drummies
11562,Monsieur Aznavour
11563,DeMonD the movie
11564,Son of a Rich 2
11565,Boléro
11566,Jawanum Mullappoovum
11567,"Luxembourg, Luxembourg"
11568,Deadly Jealousy
11569,Talk to Me
11570,The Blackening
11571,The Bikeriders
11572,Left Behind: Rise of the Antichrist
11573,Trivikrama
11574,Valiant One
11575,The Strangers: Chapter 1
11576,Kung Fu Panda 4
11577,HAIKYU!! The Dumpster Battle
11578,The Alto Knights
11579,A Real Pain
11580,Phone Sex
11581,Cassandra
11582,Singham Again
11583,BlackBerry
11584,Beautiful Disaster
11585,MR-9: Do or Die
11586,Semmelweis
11587,The Front Room
11588,Operation Seawolf
11589,Letters to Santa 5
11590,Hundreds of Beavers
11591,Priscilla
11592,Peter Pan's Neverland Nightmare
11593,Dalì 2021
11594,Inside Out 2
11595,Wish
11596,MaXXXine
11597,Bai Ivan 2
11598,Kishkindha Kaandam
11599,Freud's Last Session
11600,There's Still Tomorrow
11601,Miller's Girl
11602,A Waste of Time
11603,Abang Adik
11604,Nickel Boys
11605,Azrael
11606,Strange Darling
11607,Wei-Lai
11608,Drishyam 2
11609,Kinds of Kindness
11610,Mirciulica
11611,Titian. The Empire of Color
11612,Priyotoma
11613,The Blind
11614,Bunker
11615,Trap
11616,Magic
11617,203: ROOM
11618,The Dog Eyes
11619,Helpline!
11620,Terrifier 3
11621,Elevation
11622,Duran Duran: A Hollywood High
11623,Detective Knight: Independence
11624,21 Positions
11625,Snack Shack
11626,买买提的2008
11627,"Ruby Gillman, Teenage Kraken"
11628,Anhonee
11629,Time Trap
11630,Slotherhouse
11631,Fatal Influence: Like. Follow. Survive.
11632,Immaculate
11633,Tabounet Hamza - طابونة حمزة
11634,Daaaaaalí!
11635,Apocalypse Unknown
11636,Prancer: A Christmas Tale
11637,Sons and Heirs
11638,Fremont
11639,Jumbo
11640,Killed on Christmas
11641,Strictly For The Streets Vol. 1
11642,The Invisible Fight
11643,Mechamato Movie
11644,Dancing on the Grave
11645,Candela
11646,Thelma
11647,Anatar
11648,A Thousand Days
11649,"20,000 Species of Bees"
11650,Dictatorship bulletin (The democratic truth)
11651,Gemstone Ring
11652,Borgwan Lane
11653,Two Eggs
11654,American Fiction
11655,Unseen
11656,Leera The Soulmate
11657,Sight
11658,Coast Guard Malaysia: Ops Helang
11659,如此爹娘
11660,911
11661,Hell Torture
11662,Carousel
11663,Prince of the Crimson Void
11664,Da xue sheng yi shi
11665,Radical
11666,Queer
11667,Afraid
11668,SPY x FAMILY CODE: White
11669,Invalid
11670,Subservience
11671,Anora
11672,Memoir of a Snail
11673,The Ladykiller
11674,Didi & Friends The Movie
11675,Hi Nanna
11676,The Immortals
11677,The Teacher
11678,Thanksgiving
11679,Restore Point
11680,Polis Evo 3
11681,Malbatt: Misi Bakara
11682,Night Swim
11683,Rahsia
11684,Anyone But You
11685,The Unborn Soul
11686,Vaalvi
11687,A Moroccan Affair
11688,"Food, Inc. 2"
11689,La Luna
11690,It Ends with Us
11691,Bonhoeffer: Pastor. Spy. Assassin
11692,Winnie-the-Pooh: Blood and Honey 2
11693,The Order
11694,Spinning Gasing
11695,Baby John
11696,ReEmigrants
11697,Sneaks
11698,Companion
11699,The Count of Monte Cristo
11700,The Soul Eater
11701,Taste of Freedom
11702,Close Up of Solitude
11703,The Watchers
11704,Hellboy: The Crooked Man
11705,The Amateur
11706,Goodrich
11707,Pigsy
11708,Lemon man vs the Multiverse
11709,Unbelievers
11710,Journey to Bethlehem
11711,Vettaiyan
11712,Summer Camp
11713,Y2K
11714,Salad Days
11715,The Duel
11716,cocktail
11717,The Valley of Love
11718,50 km/h
11719,Trinket Box
11720,Babygirl
11721,In Broad Daylight
11722,The Rogue's Trial
11723,Villa Lucia
11724,We Live in Time
11725,Taekwondo: The Champions
11726,Empty
11727,Smile 2
11728,Resident Evil 4D Executer
11729,How to Make Millions Before Grandma Dies
11730,Who's Done it ?
11731,The Devils
11732,Juror #2
11733,Saade Maade Teen
11734,Lost in the Stars
11735,The Shift
11736,Dhakad Chhora
11737,Parthenope
11738,Accidental Texan
11739,Abigail
11740,Stree 2
11741,Madame Shalatta
11742,Chinatown Cha Cha
11743,Speak No Evil
11744,Unsung Hero
11745,The Last Kumite
11746,Me contro Te: Il film - Vacanze in Transilvania
11747,The Kerala Story
11748,Mallari
11749,Budhur alshaytan
11750,Grave Torture
11751,Saturday Night
11752,5 Day Scam
11753,Zodiac Crush
11754,The Monkey
11755,Ulajh
11756,Imaginary
11757,13 Bombs
11758,Flight Risk
11759,The Unanswered Question I : Musical Phonology
11760,The Stones and Brian Jones
11761,Forbidden City
11762,My Wife's Suitor
11763,The Prosecutor
11764,Escape from Germany
11765,The Unanswered Question V : The Twentieth Century Crisis
11766,The Greatest of All Time
11767,Let Sleeping Guns Lie
11768,Raayan
11769,Heretic
11770,Weird Love
11771,Chaos Black
11772,Introducing: Mr. Goode
11773,Presence
11774,#annaismissing
11775,The Hidden Persuaders
11776,The Vagabonds
11777,Mother
11778,The Neverending Thought
11779,I'm in
11780,ONEMANSHOW: The Movie
11781,Whirlwind
11782,The Diplomat
11783,The Courier
11784,Premalu
11785,A Little Something Extra
11786,The Trust Fall: Julian Assange
11787,Death of a Unicorn
11788,Elyas
11789,Christmas on Cobbler Street
11790,Creation of the Gods II: Demon Force
11791,Sing Sing
11792,Philipp Mickenbecker – Real Life
11793,The Cradle
11794,Chopin-Pletnev: Cello
11795,Kill
11796,A Cop Story
11797,TAYLOR SWIFT | THE ERAS TOUR
11798,The Blue Star
11799,Panda Plan
11800,Mastaney
11801,English
11802,After Death
11803,Littlest Pet Shop: Popular
11804,Jaws 19
11805,12th Fail
11806,Neru
11807,Interstelar
11808,Bramayugam
11809,Weekend in Taipei
11810,The Fourth Sunrise
11811,Mr. Earth
11812,The Goddess of Forest
11813,The Art of Marriage
11814,A Marriage in Danger
11815,Dancing Village: The Curse Begins
11816,The Bremen Town Musicians
11817,The King of Kings
11818,The Apprentice
11819,Women Who Run with the Wolves
11820,The Wild Robot
11821,The haunting in rosemary lane
11822,Renaissance: A Film by Beyoncé
11823,Marco
11824,The Forge
11825,Munjya
11826,Shaitaan
11827,Wedding for Money
11828,Riviera Revenge
11829,The Chosen: Season 4
11830,After Quarentine
11831,Saripodhaa Sanivaaram
11832,Deva
11833,Novocaine
11834,Chhaava
11835,A Working Man
11836,El Harifa
11837,Veera Dheera Sooran: Part 2
11838,Antim Sanskar: The Last Ritual
11839,Kalabang Mortal Ni Baby Ama
11840,Opus
11841,Ghost: Rite Here Rite Now
11842,Night of the Zoopocalypse
11843,The Best Christmas Pageant Ever
11844,Dimag Kharab
11845,Thandel
11846,Conquer: Lahad Datu
11847,Ryan's World the Movie: Titan Universe Adventure
11848,Sheriff
11849,Áfàméfùnà: An Nwa Boi Story
11850,The Last Man
11851,Warrior Awang and Master Tok Gajah
11852,Downup The Exit 796
11853,"7 Days, 7 Nights"
11854,In a Violent Nature
11855,Demon Slayer: Kimetsu no Yaiba -To the Hashira Training-
11856,Homestead
11857,Gola Cinan
11858,Rastgele Orsa
11859,Treasure
11860,Amberes
11861,Zyklon Zombie
11862,Megalodon
11863,Downey's Dream Cars
11864,On the drinking table under the planning table
11865,Picnic
11866,Unit 262
11867,The Mouse Trap
11868,The silent sound of tarawangsa
11869,Love Hurts
11870,Longlegs
11871,Extraordinary
11872,恋爱代理人
11873,Boonie Bears: Time Twist
11874,Yolo
11875,Until Dawn
11876,Santosh
11877,Sinners
11878,Article 370
11879,Black Bag
11880,Grand Theft Hamlet
11881,The Last Showgirl
11882,Piece by Piece
11883,Grand Finale
11884,Cold Blooded Love
11885,Nishana
11886,Warfare
11887,Khel Khel Mein
11888,The Last Breath
11889,Moana 2
11890,Pioneering Nevada's Basin and Range Trail
11891,Sound of Hope: The Story of Possum Trot
11892,Blood Sick Psychosis
11893,Piknik
11894,Y...quién mató al mayordomo?
11895,The Woman in the Yard
11896,Hasat Zamanı
11897,L.I.F.E.
11898,Deciphering the Zodiac Killer
11899,February 19th
11900,Drop
11901,Al Awbash
11902,Saavdhan
11903,Ishwaran Ki Adhbut Kahaniyan Chapter 2
11904,Waves
11905,GRUFF
11906,Serpentine
11907,There Had Better Be Blood
11908,The Gardener
11909,Torino Criminale Blood Revenge
11910,Sikandar
11911,Voices of the Void
11912,Good Bad Ugly
11913,Who is she?
11914,Colibrí
11915,The Scratch Saga
11916,Emersonian of the Day
11917,FAIRY TAIL × RAVE
11918,Point Blank - The Documentary
11919,Rearick Film Studios' Doctor Mobius
11920,EDDY
11921,Bridget Jones: Mad About the Boy
11922,Dragon
11923,Degree Maila M.A 3rd Class
11924,Big World
11925,The Seed of the Sacred Fig
11926,ドラゴンボールZ 危険なふたり!超戦士はねむれない
11927,Jesus: A Deaf Missions Film
11928,Corpus Peccati
11929,OMORI
11930,One of Them Days
11931,Mansarra
11932,The Ugly Stepsister
11933,Dr. Horrible's Sing-Along Blog
11934,Rekhachithram
11935,Alicia in Terrorland
11936,Lurk
11937,It All Ends Here
11938,Hikikomori
11939,Heart Eyes
11940,A Violent Tale
11941,Batman: Arkham Asylum
11942,Jaat
11943,Sugar
11944,CrazyMinded
11945,Frka
11946,Drazen
11947,Balach
11948,E-Lone
11949,Sandblock
11950,Am I Racist?
11951,Andy... Andy Silly Andy
11952,PAPmusic: Animation for Fashion
11953,Haye Bibiye Kithe Fas Gaye
11954,Vama Veche Retreat
11955,Caligula: The Ultimate Cut
11956,Noah D'castellano - 2022 New York Fashion Week September
11957,The Grand Tour: Survival of the Fattest
11958,Firelight
11959,The Plight Before Christmas
11960,ROBLOX: The Movie
11961,The First Harvest
11962,"Cheater, Cheater"
11963,Surigadu
11964,Perfect World Movie
11965,Confessions of a Christmas Letter
11966,My Rocking Chair
11967,man with sexual powers
11968,Vikings
11969,Dongeng Sang Kancil
11970,The Painter
11971,Climb
11972,SAT Prep
11973,University
11974,Project G-1
11975,Bob's Burgers: The Bleakening
11976,Halloween Friends
11977,One Day a Start
11978,Lymph
11979,Boonie Bears: Future Reborn
11980,Noah D'castellano - 2022 New York Fashion Week September
11981,Rule Breakers
11982,Azaad
11983,The Chosen: Last Supper
11984,The Last Supper
11985,Stab 3: Holiday Horror
11986,Youtube Rewind Hispano 2023
11987,Живчик та його друзі
11988,Outer Banks S1
11989,The Last Guest
11990,Milagre Vivo
11991,Rose Matafeo: On and On and On
11992,Psycho Lovers
11993,Niran
11994,Poseidon Legacy
11995,Gull Lake Life 2016-2017
11996,Red Dead Redemption 2 (Movie)
11997,Hellbound Laments
11998,Cupcake
11999,Tomorrow
12000,Sadrah Poem Of Blood
12001,Gulaabi
12002,Into The Gravel Pit
12003,Chasing the Light
12004,Let The Truth Be Told: Chronicles of a Few Good Men
12005,龙珠Z：希望之光
12006,Uncharted 3: Drake's Deception
12007,Uncharted: Drake's Fortune
12008,Uncharted 4: A thief's End
12009,Why? Endhuku?
12010,Babe's Tale
12011,Uncharted 2: Among Thieves
12012,Caligula: The Ultimate Cut
12013,Mentors
12014,Thomas the Tank Engine & Friends
12015,24: Redemption
12016,Love Under Construction
12017,Beyond Limits
12018,Ashi Hi Jamva Jamvi
12019,Winter Dawn
